season,year,month,holiday,weekday,workingday,weathersit,temp,atemp,humidity,windspeed,casual,registered,count
Spring,0,January,0,Sunday,0,Misty/Cloudy,8.175849,7.99925,80.58330000000001,9.947652,331,654,985
Spring,0,January,0,Monday,0,Misty/Cloudy,9.083466000000001,7.3467740000000035,69.6087,15.409418,131,670,801
Spring,0,January,0,Tuesday,1,Clear/Partly Cloudy,1.229108,-3.499270000000001,43.7273,15.395158,120,1229,1349
Spring,0,January,0,Wednesday,1,Clear/Partly Cloudy,1.4000000000000004,-1.9999479999999998,59.0435,9.938352,108,1454,1562
Spring,0,January,0,Thursday,1,Clear/Partly Cloudy,2.6669789999999995,-0.8681800000000006,43.695699999999995,11.587800000000001,82,1518,1600
Spring,0,January,0,Friday,1,Clear/Partly Cloudy,1.6043559999999992,-0.6082059999999991,51.8261,5.5530424,88,1518,1606
Spring,0,January,0,Saturday,1,Misty/Cloudy,1.2365340000000007,-2.2166259999999998,49.8696,10.461011999999998,148,1362,1510
Spring,0,January,0,Sunday,0,Misty/Cloudy,-0.24499999999999922,-5.291236,53.5833,16.541847999999998,68,891,959
Spring,0,January,0,Monday,0,Clear/Partly Cloudy,-1.4983489999999993,-8.33245,43.416700000000006,22.4409,54,768,822
Spring,0,January,0,Tuesday,1,Clear/Partly Cloudy,-0.9108490000000007,-6.041392,48.2917,13.842554,41,1280,1321
Spring,0,January,0,Wednesday,1,Misty/Cloudy,-0.0527230000000003,-3.3633760000000006,68.6364,7.572184,43,1220,1263
Spring,0,January,0,Thursday,1,Clear/Partly Cloudy,0.11816899999999997,-5.408782,59.954499999999996,18.886874,25,1137,1162
Spring,0,January,0,Friday,1,Clear/Partly Cloudy,-0.24499999999999922,-6.041722,47.0417,18.662,38,1368,1406
Spring,0,January,0,Saturday,1,Clear/Partly Cloudy,-0.43910999999999945,-3.5647420000000007,53.7826,7.845975999999999,54,1367,1421
Spring,0,January,0,Sunday,0,Misty/Cloudy,2.9666510000000006,0.3753920000000015,49.875,9.793706,222,1026,1248
Spring,0,January,0,Monday,0,Clear/Partly Cloudy,2.888349,-0.5416779999999992,48.375,11.682846,251,953,1204
Spring,0,January,1,Tuesday,0,Misty/Cloudy,0.264151,-4.333113999999998,53.75,12.029054,117,883,1000
Spring,0,January,0,Wednesday,1,Misty/Cloudy,2.1833489999999998,-0.6660219999999999,86.16669999999999,9.10005,9,674,683
Spring,0,January,0,Thursday,1,Misty/Cloudy,5.732177999999999,3.695852000000002,74.1739,12.915654,78,1572,1650
Spring,0,January,0,Friday,1,Misty/Cloudy,4.298349,0.8333000000000013,53.833299999999994,12.146048,83,1844,1927
Spring,0,January,0,Saturday,1,Clear/Partly Cloudy,0.34249999999999936,-5.583022,45.7083,21.901004,75,1468,1543
Spring,0,January,0,Sunday,0,Clear/Partly Cloudy,-5.2208711999999995,-10.7814064,40.0,10.66214,93,888,981
Spring,0,January,0,Monday,0,Clear/Partly Cloudy,-3.4634801,-9.4766194,43.6522,15.289200000000001,150,836,986
Spring,0,January,0,Tuesday,1,Clear/Partly Cloudy,-3.4226089,-8.21662,49.173899999999996,9.81646,86,1330,1416
Spring,0,January,0,Wednesday,1,Misty/Cloudy,2.5034660000000013,-0.5212839999999996,61.695699999999995,8.047352,186,1799,1985
Spring,0,January,0,Thursday,1,Light Snow/Rain,2.2225,-2.5624000000000002,86.25,18.2187,34,472,506
Spring,0,January,0,Friday,1,Clear/Partly Cloudy,1.165000000000001,-1.4998000000000005,68.75,7.057893999999999,15,416,431
Spring,0,January,0,Saturday,1,Misty/Cloudy,1.563466,-1.2610780000000013,79.30430000000001,7.6446000000000005,38,1129,1167
Spring,0,January,0,Sunday,0,Clear/Partly Cloudy,1.2365340000000007,-1.9996840000000002,65.17389999999999,9.01263,123,975,1098
Spring,0,January,0,Monday,0,Clear/Partly Cloudy,2.176534,0.5212520000000005,72.2174,4.5869212,140,956,1096
Spring,0,January,0,Tuesday,1,Misty/Cloudy,0.49915099999999946,-3.7074999999999996,60.375,11.605904,42,1459,1501
Spring,0,February,0,Wednesday,1,Misty/Cloudy,1.032178,-0.52102,82.9565,3.2992060000000003,47,1313,1360
Spring,0,February,0,Thursday,1,Misty/Cloudy,4.220000000000001,0.7915220000000005,77.5417,16.387096,72,1454,1526
Spring,0,February,0,Friday,1,Clear/Partly Cloudy,0.7869790000000005,-4.260052,43.7826,17.220624,61,1489,1550
Spring,0,February,0,Saturday,1,Misty/Cloudy,1.9312880000000003,-0.913257999999999,58.521699999999996,7.926018000000001,88,1620,1708
Spring,0,February,0,Sunday,0,Misty/Cloudy,2.9666510000000006,0.041827999999998866,92.91669999999999,9.986898,100,905,1005
Spring,0,February,0,Monday,0,Clear/Partly Cloudy,5.434151,3.2502860000000027,56.833299999999994,8.7916,354,1269,1623
Spring,0,February,0,Tuesday,1,Clear/Partly Cloudy,4.768348999999999,4.041428,73.83330000000001,2.8153146,120,1592,1712
Spring,0,February,0,Wednesday,1,Clear/Partly Cloudy,2.3791510000000002,-2.9157639999999994,53.7917,22.4409,64,1466,1530
Spring,0,February,0,Thursday,1,Misty/Cloudy,-1.6651990000000003,-6.477322000000001,49.4783,11.708018000000001,53,1552,1605
Spring,0,February,0,Friday,1,Clear/Partly Cloudy,-1.2156440000000002,-6.129832,43.7391,13.75997,47,1491,1538
Spring,0,February,0,Saturday,1,Clear/Partly Cloudy,0.887277000000001,-1.9084059999999994,50.6364,6.730099999999999,149,1597,1746
Spring,0,February,0,Sunday,0,Clear/Partly Cloudy,2.4574999999999996,-0.6250359999999997,54.4167,12.608754,288,1184,1472
Spring,0,February,0,Monday,0,Clear/Partly Cloudy,6.876534000000001,5.391458,45.7391,16.174746,397,1192,1589
Spring,0,February,0,Tuesday,1,Clear/Partly Cloudy,11.504999999999999,10.2911,37.583299999999994,25.910296,208,1705,1913
Spring,0,February,0,Wednesday,1,Clear/Partly Cloudy,4.506089000000001,0.7820840000000011,31.434800000000003,18.065188000000003,140,1675,1815
Spring,0,February,0,Thursday,1,Clear/Partly Cloudy,6.958267000000001,4.869199999999999,42.3478,15.611042,218,1897,2115
Spring,0,February,0,Friday,1,Clear/Partly Cloudy,12.484151,12.291428,50.5,14.266448,259,2216,2475
Spring,0,February,0,Saturday,1,Clear/Partly Cloudy,16.518349,17.790878,51.6667,16.42535,579,2348,2927
Spring,0,February,0,Sunday,0,Clear/Partly Cloudy,10.760849,9.832663999999998,18.7917,31.462706,532,1103,1635
Spring,0,February,0,Monday,0,Clear/Partly Cloudy,5.405199,2.3037799999999997,40.7826,13.84057,639,1173,1812
Spring,0,February,1,Tuesday,0,Misty/Cloudy,6.2566510000000015,2.7489500000000007,60.5,19.086452,195,912,1107
Spring,0,February,0,Wednesday,1,Clear/Partly Cloudy,0.5644340000000003,-3.7218219999999995,57.7778,12.132346,74,1376,1450
Spring,0,February,0,Thursday,1,Clear/Partly Cloudy,2.4217329999999997,0.21732199999999935,42.3043,5.835006,139,1778,1917
Spring,0,February,0,Friday,1,Misty/Cloudy,5.895644000000001,3.0866059999999997,69.7391,15.530752,100,1707,1807
Spring,0,February,0,Saturday,1,Misty/Cloudy,9.124355999999999,7.130426,71.2174,21.485418,120,1341,1461
Spring,0,February,0,Sunday,0,Clear/Partly Cloudy,5.277499999999998,2.6246720000000003,53.7917,11.567402,424,1545,1969
Spring,0,February,0,Monday,0,Clear/Partly Cloudy,8.143466,7.173193999999999,68.0,7.765376,694,1708,2402
Spring,0,February,0,Tuesday,1,Misty/Cloudy,11.141831,10.407787999999996,87.63640000000001,17.960532,81,1365,1446
Spring,0,March,0,Wednesday,1,Clear/Partly Cloudy,4.533348999999999,1.416013999999997,53.5,13.41835,137,1714,1851
Spring,0,March,0,Thursday,1,Clear/Partly Cloudy,7.745000000000001,5.1246860000000005,44.9583,19.085646,231,1903,2134
Spring,0,March,0,Friday,1,Clear/Partly Cloudy,1.321651000000001,-2.7912219999999994,31.833299999999998,13.996748,123,1562,1685
Spring,0,March,0,Saturday,1,Misty/Cloudy,4.298349,0.8748140000000006,61.0417,12.607452,214,1730,1944
Spring,0,March,0,Sunday,0,Misty/Cloudy,10.055848999999998,8.999413999999998,78.91669999999999,15.616002,640,1437,2077
Spring,0,March,0,Monday,0,Misty/Cloudy,9.696534,8.172632,94.8261,21.283794,114,491,605
Spring,0,March,0,Tuesday,1,Clear/Partly Cloudy,4.3017330000000005,-0.26157399999999953,55.1304,21.163823999999998,244,1628,1872
Spring,0,March,0,Wednesday,1,Clear/Partly Cloudy,5.747499999999999,3.958400000000001,42.0833,7.4803,316,1817,2133
Spring,0,March,0,Thursday,1,Misty/Cloudy,5.904151000000001,2.916127999999997,77.5417,13.6493,191,1700,1891
Spring,0,March,0,Friday,1,Light Snow/Rain,10.287277,9.454088000000002,0.0,16.236374,46,577,623
Spring,0,March,0,Saturday,1,Misty/Cloudy,6.876534000000001,4.129999999999999,64.95649999999999,14.44414,247,1730,1977
Spring,0,March,0,Sunday,0,Clear/Partly Cloudy,7.470848999999999,5.499499999999998,59.458299999999994,13.68805,724,1408,2132
Spring,0,March,0,Monday,0,Clear/Partly Cloudy,10.064356,9.086006000000001,52.73910000000001,16.777448,982,1435,2417
Spring,0,March,0,Tuesday,1,Clear/Partly Cloudy,7.285198999999999,5.912000000000003,49.695699999999995,8.489412,359,1687,2046
Spring,0,March,0,Wednesday,1,Misty/Cloudy,6.917376999999998,4.999748,65.5652,11.427158,289,1767,2056
Spring,0,March,0,Thursday,1,Misty/Cloudy,9.165199000000001,8.217379999999999,77.65220000000001,12.593254,321,1871,2192
Spring,0,March,0,Friday,1,Clear/Partly Cloudy,11.504999999999999,11.081978,60.291700000000006,12.993898,424,2320,2744
Spring,0,March,0,Saturday,1,Clear/Partly Cloudy,17.380000000000003,18.782593999999996,52.5217,14.323054,884,2355,3239
Spring,0,March,0,Sunday,0,Clear/Partly Cloudy,14.2075,14.790650000000003,37.9167,22.826354000000002,1424,1693,3117
Spring,0,March,0,Monday,0,Clear/Partly Cloudy,7.627500000000001,5.499499999999998,47.375,12.878701999999999,1047,1424,2471
Summer,0,March,0,Tuesday,1,Misty/Cloudy,12.230445,11.04251,73.73910000000001,17.904546,401,1676,2077
Summer,0,March,0,Wednesday,1,Clear/Partly Cloudy,12.758348999999999,13.082372,62.4583,13.996500000000001,460,2243,2703
Summer,0,March,0,Thursday,1,Misty/Cloudy,8.306979000000002,6.303974,83.9565,14.524182,203,1918,2121
Summer,0,March,0,Friday,1,Misty/Cloudy,5.395,1.8749779999999987,80.58330000000001,15.114794,166,1699,1865
Summer,0,March,0,Saturday,1,Clear/Partly Cloudy,4.415849,0.9165919999999979,49.5,14.304950000000002,300,1910,2210
Summer,0,March,0,Sunday,0,Clear/Partly Cloudy,4.494150999999999,0.9996860000000005,39.4167,12.993402,981,1515,2496
Summer,0,March,0,Monday,0,Misty/Cloudy,3.893021000000001,0.5223739999999992,49.3913,11.426599999999999,472,1221,1693
Summer,0,March,0,Tuesday,1,Clear/Partly Cloudy,4.424356000000001,0.9998840000000015,30.2174,13.156648,222,1806,2028
Summer,0,March,0,Wednesday,1,Clear/Partly Cloudy,6.217499999999999,3.3319280000000013,31.4167,14.073752,317,2108,2425
Summer,0,March,0,Thursday,1,Misty/Cloudy,6.1,3.6250999999999998,64.6667,10.719055999999998,168,1368,1536
Summer,0,March,0,Friday,1,Light Snow/Rain,4.611651,0.9999499999999983,91.8333,13.494052,179,1506,1685
Summer,0,April,0,Saturday,1,Misty/Cloudy,6.1,2.7079640000000005,68.625,16.039896,307,1920,2227
Summer,0,April,0,Sunday,0,Misty/Cloudy,6.805,4.832042000000001,65.375,12.223052,898,1354,2252
Summer,0,April,0,Monday,0,Clear/Partly Cloudy,9.781651,8.998622000000001,48.0,11.297206000000001,1651,1598,3249
Summer,0,April,0,Tuesday,1,Clear/Partly Cloudy,18.946651,19.833314,42.625,23.905402,734,2381,3115
Summer,0,April,0,Wednesday,1,Misty/Cloudy,11.465848999999999,10.2911,64.2083,24.060154,167,1628,1795
Summer,0,April,0,Thursday,1,Clear/Partly Cloudy,10.369150999999999,9.582128,47.0833,16.309905999999998,413,2395,2808
Summer,0,April,0,Friday,1,Clear/Partly Cloudy,12.5625,12.623936,60.291700000000006,10.063344,571,2570,3141
Summer,0,April,0,Saturday,1,Misty/Cloudy,7.784151,5.4156140000000015,83.625,14.073504,172,1299,1471
Summer,0,April,0,Sunday,0,Misty/Cloudy,8.0975,6.540914000000001,87.75,8.251146,879,1576,2455
Summer,0,April,0,Monday,0,Misty/Cloudy,12.053349,12.164641999999997,85.75,9.099554000000001,1188,1707,2895
Summer,0,April,0,Tuesday,1,Misty/Cloudy,19.995644,21.304322,71.6956,20.117388,855,2493,3348
Summer,0,April,0,Wednesday,1,Misty/Cloudy,15.617499999999996,16.541564,73.9167,17.042498,257,1777,2034
Summer,0,April,0,Thursday,1,Misty/Cloudy,11.3875,11.540678,81.91669999999999,15.538253999999998,209,1953,2162
Summer,0,April,0,Friday,1,Clear/Partly Cloudy,13.9725,14.540972,54.041700000000006,6.8634,529,2738,3267
Summer,0,April,1,Saturday,0,Clear/Partly Cloudy,12.993348999999998,13.166258,67.125,14.03525,642,2484,3126
Summer,0,April,0,Sunday,0,Light Snow/Rain,12.249151000000001,12.082472,88.83330000000001,21.130096,121,674,795
Summer,0,April,0,Monday,0,Clear/Partly Cloudy,13.463349000000001,13.415935999999999,47.9583,18.816752,1558,2186,3744
Summer,0,April,0,Tuesday,1,Clear/Partly Cloudy,16.0875,17.207636,54.25,10.141154,669,2760,3429
Summer,0,April,0,Wednesday,1,Misty/Cloudy,15.774151,16.291028000000004,66.5833,9.794202,409,2795,3204
Summer,0,April,0,Thursday,1,Clear/Partly Cloudy,19.965,21.249872000000003,61.4167,14.99935,613,3331,3944
Summer,0,April,0,Friday,1,Clear/Partly Cloudy,13.580849,13.956872,40.708299999999994,20.165996,745,3444,4189
Summer,0,April,0,Saturday,1,Misty/Cloudy,7.823349,5.248964000000001,72.9583,13.610301999999999,177,1506,1683
Summer,0,April,0,Sunday,0,Misty/Cloudy,13.620000000000001,13.707985999999998,88.79169999999999,14.304950000000002,1462,2574,4036
Summer,0,April,0,Monday,0,Misty/Cloudy,19.338349,20.416358000000002,81.08330000000001,11.914850000000001,1710,2481,4191
Summer,0,April,0,Tuesday,1,Clear/Partly Cloudy,20.513348999999998,21.917,77.6667,11.490646,773,3300,4073
Summer,0,April,0,Wednesday,1,Clear/Partly Cloudy,21.688349,23.209478000000004,72.9167,20.243000000000002,678,3722,4400
Summer,0,April,0,Thursday,1,Misty/Cloudy,21.14,21.959372000000002,83.54169999999999,19.356399999999997,547,3325,3872
Summer,0,April,0,Friday,1,Misty/Cloudy,21.0225,22.209314,70.08330000000001,19.896296000000003,569,3489,4058
Summer,0,April,0,Saturday,1,Clear/Partly Cloudy,15.969999999999999,16.832558,45.7083,14.883906,878,3717,4595
Summer,0,April,0,Sunday,0,Clear/Partly Cloudy,14.2075,14.625386000000002,50.3333,14.57465,1965,3347,5312
Summer,0,May,0,Monday,0,Misty/Cloudy,13.228348999999998,13.581464,76.2083,6.593948,1138,2213,3351
Summer,0,May,0,Tuesday,1,Misty/Cloudy,17.810848999999997,19.166978,73.0,11.374148,847,3554,4401
Summer,0,May,0,Wednesday,1,Misty/Cloudy,20.983348999999997,22.417214,69.7083,21.245354,603,3848,4451
Summer,0,May,0,Thursday,1,Misty/Cloudy,11.465848999999999,10.706900000000001,73.70830000000001,20.397752,255,2378,2633
Summer,0,May,0,Friday,1,Clear/Partly Cloudy,13.580849,13.166522,44.4167,18.314304,614,3819,4433
Summer,0,May,0,Saturday,1,Clear/Partly Cloudy,14.520849000000002,15.291722,59.0,14.151252,894,3714,4608
Summer,0,May,0,Sunday,0,Clear/Partly Cloudy,16.44,17.832986,54.125,9.9479,1612,3102,4714
Summer,0,May,0,Monday,0,Clear/Partly Cloudy,16.831651,18.249578,63.1667,4.6275249999999994,1401,2932,4333
Summer,0,May,0,Tuesday,1,Clear/Partly Cloudy,17.0275,18.666235999999998,58.875,10.911999999999999,664,3698,4362
Summer,0,May,0,Wednesday,1,Clear/Partly Cloudy,17.0275,18.499586,48.9167,7.171602,694,4109,4803
Summer,0,May,0,Thursday,1,Clear/Partly Cloudy,17.4975,18.8744,63.29169999999999,7.479804,550,3632,4182
Summer,0,May,0,Friday,1,Clear/Partly Cloudy,17.145000000000003,18.541958,74.75,11.759354,695,4169,4864
Summer,0,May,0,Saturday,1,Misty/Cloudy,16.0875,16.623800000000003,86.33330000000001,11.142949999999999,692,3413,4105
Summer,0,May,0,Sunday,0,Misty/Cloudy,16.479150999999998,17.041514,92.25,8.3669,902,2507,3409
Summer,0,May,0,Monday,0,Misty/Cloudy,18.4375,19.376000000000005,86.70830000000001,9.484698,1582,2971,4553
Summer,0,May,0,Tuesday,1,Clear/Partly Cloudy,19.142500000000002,20.333792000000003,78.79169999999999,7.866002000000001,773,3185,3958
Summer,0,May,0,Wednesday,1,Misty/Cloudy,18.398349,19.542914000000003,83.7917,17.195947999999998,678,3445,4123
Summer,0,May,0,Thursday,1,Misty/Cloudy,17.85,18.792428,87.0,12.492504,536,3319,3855
Summer,0,May,0,Friday,1,Misty/Cloudy,16.949151,17.708972000000003,82.9583,6.709206,735,3840,4575
Summer,0,May,0,Saturday,1,Clear/Partly Cloudy,17.223349,18.916772,71.9583,7.750806000000001,909,4008,4917
Summer,0,May,0,Sunday,0,Clear/Partly Cloudy,20.317500000000003,21.750349999999997,62.6667,7.4803,2258,3547,5805
Summer,0,May,0,Monday,0,Clear/Partly Cloudy,20.395849000000002,21.917,74.9583,9.176496,1576,3084,4660
Summer,0,May,0,Tuesday,1,Misty/Cloudy,21.688349,22.959536,81.0,14.498204,836,3438,4274
Summer,0,May,0,Wednesday,1,Misty/Cloudy,23.020000000000003,23.917658000000003,74.0833,12.839704,659,3833,4492
Summer,0,May,0,Thursday,1,Clear/Partly Cloudy,23.059151,24.625772000000005,69.625,9.562446000000001,740,4238,4978
Summer,0,May,0,Friday,1,Clear/Partly Cloudy,25.291651,27.209408000000003,67.75,12.377804,758,3919,4677
Summer,0,May,0,Saturday,1,Clear/Partly Cloudy,24.038349000000004,26.042528000000004,65.375,14.922098,871,3808,4679
Summer,0,May,0,Sunday,0,Clear/Partly Cloudy,22.824151,24.417014,72.9583,14.265704,2001,2757,4758
Summer,0,May,0,Monday,0,Clear/Partly Cloudy,23.3725,24.6263,81.875,13.264156,2355,2433,4788
Summer,0,May,1,Tuesday,0,Clear/Partly Cloudy,26.466651,28.292072000000005,68.5,8.135950000000001,1549,2549,4098
Summer,0,May,0,Wednesday,1,Clear/Partly Cloudy,28.425000000000004,31.875278,63.6667,6.902398,673,3309,3982
Summer,0,June,0,Thursday,1,Misty/Cloudy,27.915849,31.583822000000005,67.7083,12.839704,513,3461,3974
Summer,0,June,0,Friday,1,Clear/Partly Cloudy,25.604999999999997,26.500172,30.5,18.121794,736,4232,4968
Summer,0,June,0,Saturday,1,Clear/Partly Cloudy,21.14,22.750778000000004,35.4167,15.693501999999999,898,4414,5312
Summer,0,June,0,Sunday,0,Clear/Partly Cloudy,21.845,23.249935999999998,45.625,7.634804,1869,3473,5342
Summer,0,June,0,Monday,0,Misty/Cloudy,22.471651,24.709063999999998,65.25,8.598904000000001,1685,3221,4906
Summer,0,June,0,Tuesday,1,Clear/Partly Cloudy,23.881650999999998,25.042628,60.0,7.557552,673,3875,4548
Summer,0,June,0,Wednesday,1,Clear/Partly Cloudy,25.252499999999998,27.292700000000004,59.791700000000006,11.644096,763,4070,4833
Summer,0,June,0,Thursday,1,Clear/Partly Cloudy,28.464151,32.000414,62.20830000000001,8.482654,676,3725,4401
Summer,0,June,0,Friday,1,Misty/Cloudy,29.991650999999997,34.000214,56.833299999999994,9.292746,563,3352,3915
Summer,0,June,0,Saturday,1,Clear/Partly Cloudy,27.485,30.417272000000004,60.5,8.714348000000001,815,3771,4586
Summer,0,June,0,Sunday,0,Clear/Partly Cloudy,26.074999999999996,28.750508000000004,65.45830000000001,9.6007,1729,3237,4966
Summer,0,June,0,Monday,0,Clear/Partly Cloudy,24.5475,26.459450000000004,74.7917,10.141154,1467,2993,4460
Summer,0,June,0,Tuesday,1,Clear/Partly Cloudy,21.845,23.709164,49.4583,18.9317,863,4157,5020
Summer,0,June,0,Wednesday,1,Clear/Partly Cloudy,20.395849000000002,23.042036000000003,50.708299999999994,16.695546,727,4164,4891
Summer,0,June,0,Thursday,1,Clear/Partly Cloudy,21.453349,22.791764,47.1667,10.410544,769,4411,5180
Summer,0,June,0,Friday,1,Misty/Cloudy,21.531651,23.292836,68.8333,12.801202,545,3222,3767
Summer,0,June,0,Saturday,1,Clear/Partly Cloudy,22.510849000000004,23.625278,73.5833,8.867797999999999,863,3981,4844
Summer,0,June,0,Sunday,0,Clear/Partly Cloudy,24.743349000000002,26.500964000000003,67.0417,7.403296,1807,3312,5119
Summer,0,June,0,Monday,0,Misty/Cloudy,24.860849,26.625836,66.6667,6.324,1639,3105,4744
Summer,0,June,0,Tuesday,1,Misty/Cloudy,21.845,23.292836,74.625,9.63945,699,3311,4010
Fall,0,June,0,Wednesday,1,Misty/Cloudy,23.999151,26.084636000000003,77.0417,10.60355,774,4061,4835
Fall,0,June,0,Thursday,1,Clear/Partly Cloudy,26.466651,29.792714000000004,70.75,10.680244,661,3846,4507
Fall,0,June,0,Friday,1,Misty/Cloudy,26.231651,29.792978000000005,70.3333,14.805848,746,4044,4790
Fall,0,June,0,Saturday,1,Clear/Partly Cloudy,26.035849,27.334478000000004,57.3333,13.76555,969,4022,4991
Fall,0,June,0,Sunday,0,Clear/Partly Cloudy,24.665,26.458658,48.3333,12.993402,1782,3420,5202
Fall,0,June,0,Monday,0,Clear/Partly Cloudy,23.96,26.083514,51.3333,5.8610646,1920,3385,5305
Fall,0,June,0,Tuesday,1,Misty/Cloudy,24.0775,26.042264000000003,65.8333,6.670456000000001,854,3854,4708
Fall,0,June,0,Wednesday,1,Clear/Partly Cloudy,26.975849000000004,29.708827999999997,63.416700000000006,8.945546,732,3916,4648
Fall,0,June,0,Thursday,1,Clear/Partly Cloudy,26.231651,27.209408000000003,49.7917,16.232902000000003,848,4377,5225
Fall,0,June,0,Friday,1,Clear/Partly Cloudy,24.743349000000002,26.042528000000004,43.416700000000006,11.489344000000001,1027,4488,5515
Fall,0,July,0,Saturday,1,Clear/Partly Cloudy,25.957500000000003,27.042692000000002,39.625,6.361696,1246,4116,5362
Fall,0,July,0,Sunday,0,Clear/Partly Cloudy,26.701651,28.042327999999998,44.4583,7.133844,2204,2915,5119
Fall,0,July,0,Monday,0,Misty/Cloudy,25.683349,28.125950000000003,68.25,14.189196,2282,2367,4649
Fall,0,July,1,Tuesday,0,Misty/Cloudy,26.153349,27.917522000000005,63.7917,5.0517104,3065,2978,6043
Fall,0,July,0,Wednesday,1,Clear/Partly Cloudy,27.093348999999996,29.958308000000002,59.0417,7.827996000000001,1031,3634,4665
Fall,0,July,0,Thursday,1,Clear/Partly Cloudy,25.839999999999996,29.251778,74.33330000000001,9.292746,784,3845,4629
Fall,0,July,0,Friday,1,Clear/Partly Cloudy,27.25,29.333486,65.125,9.8704,754,3838,4592
Fall,0,July,0,Saturday,1,Misty/Cloudy,25.330849,28.251878000000005,75.79169999999999,13.957998,692,3348,4040
Fall,0,July,0,Sunday,0,Clear/Partly Cloudy,26.466651,27.834428000000003,60.9167,10.410544,1988,3348,5336
Fall,0,July,0,Monday,0,Clear/Partly Cloudy,27.1325,29.541649999999997,57.8333,11.375202,1743,3138,4881
Fall,0,July,0,Tuesday,1,Clear/Partly Cloudy,27.8375,32.167064,63.5833,17.504894,723,3363,4086
Fall,0,July,0,Wednesday,1,Clear/Partly Cloudy,29.325848999999998,32.79215,55.9167,12.415747999999999,662,3596,4258
Fall,0,July,0,Thursday,1,Clear/Partly Cloudy,27.093348999999996,29.500664,63.1667,9.060246000000001,748,3594,4342
Fall,0,July,0,Friday,1,Clear/Partly Cloudy,23.999151,25.916863999999997,47.625,14.921354,888,4196,5084
Fall,0,July,0,Saturday,1,Clear/Partly Cloudy,23.176650999999996,25.208486,59.12500000000001,11.335646,1318,4220,5538
Fall,0,July,0,Sunday,0,Clear/Partly Cloudy,24.273349000000003,26.125358,58.5,12.917204,2418,3505,5923
Fall,0,July,0,Monday,0,Clear/Partly Cloudy,25.800849,28.208978000000002,60.4167,15.192046,2006,3296,5302
Fall,0,July,0,Tuesday,1,Clear/Partly Cloudy,27.093348999999996,30.459050000000005,65.125,13.379847999999999,841,3617,4458
Fall,0,July,0,Wednesday,1,Clear/Partly Cloudy,28.503349,33.333614,65.0417,8.097199999999999,752,3789,4541
Fall,0,July,0,Thursday,1,Clear/Partly Cloudy,28.111651000000002,33.2921,70.70830000000001,7.056654,644,3688,4332
Fall,0,July,0,Friday,1,Misty/Cloudy,30.305,38.540486,69.125,13.765302,632,3152,3784
Fall,0,July,0,Saturday,1,Clear/Partly Cloudy,31.871651,39.499136,58.0417,8.2522,562,2825,3387
Fall,0,July,0,Sunday,0,Clear/Partly Cloudy,31.910849,37.082941999999996,50.0,8.135702,987,2298,3285
Fall,0,July,0,Monday,0,Clear/Partly Cloudy,31.009999999999998,36.458714,55.0833,10.488601999999998,1050,2556,3606
Fall,0,July,0,Tuesday,1,Clear/Partly Cloudy,26.936650999999998,31.583228,75.7083,5.6301146,568,3272,3840
Fall,0,July,0,Wednesday,1,Clear/Partly Cloudy,28.268349,30.000614,54.0833,12.415996,750,3840,4590
Fall,0,July,0,Thursday,1,Clear/Partly Cloudy,28.425000000000004,29.584022000000004,40.291700000000006,11.374706,755,3901,4656
Fall,0,July,0,Friday,1,Clear/Partly Cloudy,28.620849,32.8334,58.3333,11.065698,606,3784,4390
Fall,0,July,0,Saturday,1,Clear/Partly Cloudy,31.401651,35.873822,54.25,10.796555999999999,670,3176,3846
Fall,0,July,0,Sunday,0,Clear/Partly Cloudy,29.795848999999997,32.083442,46.5833,10.449294,1559,2916,4475
Fall,0,July,0,Monday,0,Clear/Partly Cloudy,29.874150999999998,32.166536,48.0833,10.218406,1524,2778,4302
Fall,0,August,0,Tuesday,1,Clear/Partly Cloudy,28.268349,30.417272000000004,55.0833,9.716453999999999,729,3537,4266
Fall,0,August,0,Wednesday,1,Clear/Partly Cloudy,28.816651,30.666686,49.125,12.7627,801,4044,4845
Fall,0,August,0,Thursday,1,Misty/Cloudy,26.388348999999998,28.875842,65.75,8.406146,467,3107,3574
Fall,0,August,0,Friday,1,Misty/Cloudy,25.369999999999997,27.876008000000006,75.75,12.2233,799,3777,4576
Fall,0,August,0,Saturday,1,Clear/Partly Cloudy,25.409151,27.333422,63.083299999999994,11.451152,1023,3843,4866
Fall,0,August,0,Sunday,0,Misty/Cloudy,25.683349,28.626164000000003,75.5,14.1515,1521,2773,4294
Fall,0,August,0,Monday,0,Clear/Partly Cloudy,26.8975,31.209272000000006,75.29169999999999,12.492194,1298,2487,3785
Fall,0,August,0,Tuesday,1,Clear/Partly Cloudy,27.955,30.416677999999997,59.2083,11.914850000000001,846,3480,4326
Fall,0,August,0,Wednesday,1,Clear/Partly Cloudy,28.425000000000004,31.791986,57.04169999999999,9.369502,907,3695,4602
Fall,0,August,0,Thursday,1,Clear/Partly Cloudy,28.033349,29.208878,42.4167,12.415996,884,3896,4780
Fall,0,August,0,Friday,1,Clear/Partly Cloudy,25.722500000000004,27.000386,42.375,10.217352,812,3980,4792
Fall,0,August,0,Saturday,1,Clear/Partly Cloudy,25.291651,27.166772,41.5,7.788502,1051,3854,4905
Fall,0,August,0,Sunday,0,Misty/Cloudy,24.234151000000004,26.626628000000004,72.9583,13.110148,1504,2646,4150
Fall,0,August,0,Monday,0,Misty/Cloudy,23.803349,25.209608000000003,81.75,13.803246,1338,2482,3820
Fall,0,August,0,Tuesday,1,Clear/Partly Cloudy,23.294151,24.667022000000003,71.20830000000001,12.955148,775,3563,4338
Fall,0,August,0,Wednesday,1,Clear/Partly Cloudy,24.939151000000003,26.625242,57.8333,14.652398000000002,721,4004,4725
Fall,0,August,0,Thursday,1,Clear/Partly Cloudy,25.996651,28.000286000000003,57.5417,8.907354,668,4026,4694
Fall,0,August,0,Friday,1,Clear/Partly Cloudy,25.448349,27.709028000000004,65.45830000000001,14.458896,639,3166,3805
Fall,0,August,0,Saturday,1,Misty/Cloudy,24.195,25.792586,72.2917,8.637096,797,3356,4153
Fall,0,August,0,Sunday,0,Clear/Partly Cloudy,24.7825,26.833736000000002,67.41669999999999,6.476954,1914,3277,5191
Fall,0,August,0,Monday,0,Clear/Partly Cloudy,25.409151,28.584650000000003,77.0,15.422748,1249,2624,3873
Fall,0,August,0,Tuesday,1,Clear/Partly Cloudy,24.508349000000003,26.124764,47.0,17.1585,833,3925,4758
Fall,0,August,0,Wednesday,1,Clear/Partly Cloudy,22.119151,24.000422,45.5417,9.099306,1281,4614,5895
Fall,0,August,0,Thursday,1,Clear/Partly Cloudy,23.646651,25.625672,60.5,15.692696,949,4181,5130
Fall,0,August,0,Friday,1,Misty/Cloudy,24.155848999999996,26.626364000000002,77.1667,13.071646,435,3107,3542
Fall,0,August,0,Saturday,1,Clear/Partly Cloudy,24.9,27.542378,76.125,5.205674999999999,768,3893,4661
Fall,0,August,0,Sunday,0,Misty/Cloudy,23.96,25.946696000000003,85.0,23.288254,226,889,1115
Fall,0,August,0,Monday,0,Clear/Partly Cloudy,25.231772999999997,26.765293999999997,56.1765,18.888858,1415,2919,4334
Fall,0,August,0,Tuesday,1,Clear/Partly Cloudy,21.923348999999998,24.125228,55.45830000000001,9.90915,729,3905,4634
Fall,0,August,0,Wednesday,1,Clear/Partly Cloudy,22.040849,23.250464,54.833299999999994,7.750496,775,4429,5204
Fall,0,August,0,Thursday,1,Clear/Partly Cloudy,22.863349,24.333986000000003,59.791700000000006,5.1666646,688,4370,5058
Fall,0,September,0,Friday,1,Clear/Partly Cloudy,22.785,24.584786,63.916700000000006,8.791352,783,4332,5115
Fall,0,September,0,Saturday,1,Misty/Cloudy,22.236651000000002,23.917327999999998,72.70830000000001,8.675597999999999,875,3852,4727
Fall,0,September,0,Sunday,0,Clear/Partly Cloudy,23.450848999999998,25.792058000000004,71.6667,11.49015,1935,2549,4484
Fall,0,September,0,Monday,0,Clear/Partly Cloudy,25.330849,27.918314000000002,74.20830000000001,12.800954,2521,2419,4940
Fall,0,September,1,Tuesday,0,Misty/Cloudy,23.646651,25.292636,79.0417,13.187152,1236,2115,3351
Fall,0,September,0,Wednesday,1,Light Snow/Rain,17.380000000000003,18.0032,88.6957,21.324466,204,2506,2710
Fall,0,September,0,Thursday,1,Light Snow/Rain,20.160849,19.919114,91.7083,6.0152896,118,1878,1996
Fall,0,September,0,Friday,1,Light Snow/Rain,21.793910999999998,20.653826000000002,93.9565,11.950376,153,1689,1842
Fall,0,September,0,Saturday,1,Misty/Cloudy,22.55,22.210435999999994,89.79169999999999,7.711498000000001,417,3127,3544
Fall,0,September,0,Sunday,0,Clear/Partly Cloudy,23.020000000000003,24.125492,75.375,9.523696,1750,3595,5345
Fall,0,September,0,Monday,0,Clear/Partly Cloudy,22.706651,24.209114,71.375,7.133348,1633,3413,5046
Fall,0,September,0,Tuesday,1,Clear/Partly Cloudy,22.284356000000002,23.74058,69.2174,5.512606000000001,690,4023,4713
Fall,0,September,0,Wednesday,1,Clear/Partly Cloudy,22.589151,23.834564,71.25,8.791848000000002,701,4062,4763
Fall,0,September,0,Thursday,1,Clear/Partly Cloudy,23.646651,25.3754,69.7083,10.3726,647,4138,4785
Fall,0,September,0,Friday,1,Misty/Cloudy,19.142500000000002,20.542286000000004,70.9167,16.811052,428,3231,3659
Fall,0,September,0,Saturday,1,Misty/Cloudy,14.050849,14.457350000000002,59.0417,10.179345999999999,742,4018,4760
Fall,0,September,0,Sunday,0,Misty/Cloudy,15.108349,15.581792,71.8333,11.75985,1434,3077,4511
Fall,0,September,0,Monday,0,Clear/Partly Cloudy,15.8525,16.375442,69.5,11.065946,1353,2921,4274
Fall,0,September,0,Tuesday,1,Misty/Cloudy,17.810848999999997,18.958550000000002,69.0,9.408004,691,3848,4539
Fall,0,September,0,Wednesday,1,Misty/Cloudy,18.398349,19.126322000000002,88.125,8.367148,438,3203,3641
Fall,0,September,0,Thursday,1,Misty/Cloudy,19.965,20.335178000000006,90.0,5.9770604,539,3813,4352
Fall,0,September,0,Friday,1,Misty/Cloudy,21.531651,20.627558,90.2083,7.94375,555,4240,4795
Winter,0,September,0,Saturday,1,Misty/Cloudy,20.630849,18.460249999999995,97.25,4.8587354,258,2137,2395
Winter,0,September,0,Sunday,0,Misty/Cloudy,20.513348999999998,21.251192000000003,86.25,4.8597646,1776,3647,5423
Winter,0,September,0,Monday,0,Misty/Cloudy,21.805849000000002,21.794041999999997,84.5,3.1235104,1544,3466,5010
Winter,0,September,0,Tuesday,1,Misty/Cloudy,22.510849000000004,22.876771999999995,84.8333,6.8634,684,3946,4630
Winter,0,September,0,Wednesday,1,Misty/Cloudy,21.923348999999998,21.91865,88.5417,7.326602,477,3643,4120
Winter,0,September,0,Thursday,1,Misty/Cloudy,21.845,21.960427999999993,84.875,9.214998000000001,480,3427,3907
Winter,0,September,0,Friday,1,Clear/Partly Cloudy,20.983348999999997,21.917792,69.91669999999999,10.718746000000001,653,4186,4839
Winter,0,September,0,Saturday,1,Clear/Partly Cloudy,18.515849,19.958714,64.75,12.801449999999999,830,4372,5202
Winter,0,October,0,Sunday,0,Misty/Cloudy,11.27,11.248957999999998,75.375,18.122352,480,1949,2429
Winter,0,October,0,Monday,0,Misty/Cloudy,8.763349000000002,6.790921999999998,79.1667,13.764806,616,2302,2918
Winter,0,October,0,Tuesday,1,Misty/Cloudy,10.055848999999998,9.875036000000001,76.0833,5.1674396,330,3240,3570
Winter,0,October,0,Wednesday,1,Clear/Partly Cloudy,14.755849000000001,15.208628000000001,71.0,12.762948,486,3970,4456
Winter,0,October,0,Thursday,1,Clear/Partly Cloudy,17.301650999999996,18.791108,64.79169999999999,10.9895,559,4267,4826
Winter,0,October,0,Friday,1,Clear/Partly Cloudy,15.225849,15.70805,62.083299999999994,8.367148,639,4126,4765
Winter,0,October,0,Saturday,1,Clear/Partly Cloudy,16.009151,17.290664,68.41669999999999,1.3882854,949,4036,4985
Winter,0,October,0,Sunday,0,Clear/Partly Cloudy,16.518349,17.873971999999995,70.125,2.8150604,2235,3174,5409
Winter,0,October,0,Monday,0,Clear/Partly Cloudy,17.419151,18.582878,72.75,3.9339000000000004,2397,3114,5511
Winter,0,October,1,Tuesday,0,Clear/Partly Cloudy,18.829151000000003,19.83305,73.375,2.6228604,1514,3603,5117
Winter,0,October,0,Wednesday,1,Misty/Cloudy,18.633349000000003,20.042336,80.875,8.868604,667,3896,4563
Winter,0,October,0,Thursday,1,Light Snow/Rain,17.536651,18.169322,90.625,15.3853,217,2199,2416
Winter,0,October,0,Friday,1,Misty/Cloudy,19.690849,20.419064,89.6667,8.790794,290,2623,2913
Winter,0,October,0,Saturday,1,Misty/Cloudy,17.889151000000002,18.958550000000002,71.625,13.880746,529,3115,3644
Winter,0,October,0,Sunday,0,Clear/Partly Cloudy,15.813348999999999,16.91585,48.3333,16.001146000000002,1899,3318,5217
Winter,0,October,0,Monday,0,Clear/Partly Cloudy,16.048348999999998,17.208163999999996,48.6667,17.466454,1748,3293,5041
Winter,0,October,0,Tuesday,1,Clear/Partly Cloudy,17.105849,17.70785,57.958299999999994,10.873498,713,3857,4570
Winter,0,October,0,Wednesday,1,Misty/Cloudy,17.0275,18.499586,70.1667,6.825394,637,4111,4748
Winter,0,October,0,Thursday,1,Light Snow/Rain,17.461733,17.913967999999997,89.52170000000001,15.087018,254,2170,2424
Winter,0,October,0,Friday,1,Clear/Partly Cloudy,14.364151,14.790650000000003,63.625,26.18105,471,3724,4195
Winter,0,October,0,Saturday,1,Clear/Partly Cloudy,12.092500000000001,11.957335999999998,57.4167,13.726552,676,3628,4304
Winter,0,October,0,Sunday,0,Clear/Partly Cloudy,11.857499999999998,12.082472,62.916700000000006,5.7453354,1499,2809,4308
Winter,0,October,0,Monday,0,Clear/Partly Cloudy,11.818349000000001,11.873978000000001,74.125,6.1697750000000005,1619,2762,4381
Winter,0,October,0,Tuesday,1,Clear/Partly Cloudy,13.776651000000001,14.166422,77.2083,7.365104,699,3488,4187
Winter,0,October,0,Wednesday,1,Clear/Partly Cloudy,14.168349,14.582749999999997,62.291700000000006,10.332796,695,3992,4687
Winter,0,October,0,Thursday,1,Misty/Cloudy,14.755849000000001,15.207836,72.04169999999999,9.215804,404,3490,3894
Winter,0,October,0,Friday,1,Misty/Cloudy,14.09,14.165036,81.2917,12.261306,240,2419,2659
Winter,0,October,0,Saturday,1,Misty/Cloudy,7.549151,5.041591999999998,58.58330000000001,14.227698,456,3291,3747
Winter,0,October,0,Sunday,0,Light Snow/Rain,3.945848999999999,-0.9577419999999996,88.25,21.785002,57,570,627
Winter,0,October,0,Monday,0,Clear/Partly Cloudy,7.000848999999999,5.207713999999999,62.375,10.950254,885,2446,3331
Winter,0,October,0,Tuesday,1,Clear/Partly Cloudy,7.98,7.5001580000000025,70.3333,6.5937,362,3307,3669
Winter,0,November,0,Wednesday,1,Clear/Partly Cloudy,10.839151000000001,10.207808,68.375,8.405402,410,3658,4068
Winter,0,November,0,Thursday,1,Clear/Partly Cloudy,9.7425,9.748778000000001,71.875,5.0896854000000005,370,3816,4186
Winter,0,November,0,Friday,1,Clear/Partly Cloudy,11.191651,10.790785999999997,70.20830000000001,8.482654,318,3656,3974
Winter,0,November,0,Saturday,1,Misty/Cloudy,10.956651,10.623871999999999,62.25000000000001,16.850298,470,3576,4046
Winter,0,November,0,Sunday,0,Clear/Partly Cloudy,7.353349,5.374364,51.916700000000006,11.721844,1156,2770,3926
Winter,0,November,0,Monday,0,Clear/Partly Cloudy,8.371651,7.915628000000002,73.4583,5.7073604,952,2697,3649
Winter,0,November,0,Tuesday,1,Clear/Partly Cloudy,10.565000000000001,10.457486,75.875,3.5479499999999997,373,3662,4035
Winter,0,November,0,Wednesday,1,Clear/Partly Cloudy,11.191651,11.208236,72.16669999999999,4.280325,376,3829,4205
Winter,0,November,0,Thursday,1,Clear/Partly Cloudy,10.8,10.999214000000002,75.83330000000001,3.8561396,305,3804,4109
Winter,0,November,0,Friday,1,Misty/Cloudy,9.86,8.665586000000001,81.3333,11.722154000000002,190,2743,2933
Winter,0,November,1,Saturday,0,Clear/Partly Cloudy,7.235849,4.2499220000000015,44.625,19.50985,440,2928,3368
Winter,0,November,0,Sunday,0,Clear/Partly Cloudy,8.763349000000002,7.624171999999998,55.2917,13.147844,1275,2792,4067
Winter,0,November,0,Monday,0,Clear/Partly Cloudy,12.719151,12.4163,45.8333,17.466702,1004,2713,3717
Winter,0,November,0,Tuesday,1,Clear/Partly Cloudy,16.91,18.624392,58.7083,19.008951999999997,595,3891,4486
Winter,0,November,0,Wednesday,1,Misty/Cloudy,16.91,17.500214,68.875,12.377246,449,3746,4195
Winter,0,November,0,Thursday,1,Light Snow/Rain,13.463349000000001,13.831208,93.0,8.483398000000001,145,1672,1817
Winter,0,November,0,Friday,1,Misty/Cloudy,8.058349,5.332585999999999,57.5833,18.932444,139,2914,3053
Winter,0,November,0,Saturday,1,Clear/Partly Cloudy,4.885849,1.9995860000000008,41.0,10.449046,245,3147,3392
Winter,0,November,0,Sunday,0,Clear/Partly Cloudy,7.470848999999999,5.415878000000003,50.208299999999994,13.918752,943,2720,3663
Winter,0,November,0,Monday,0,Misty/Cloudy,13.776651000000001,14.165828000000001,68.45830000000001,11.5289,787,2733,3520
Winter,0,November,0,Tuesday,1,Light Snow/Rain,13.032499999999999,13.374092000000001,91.0,8.559348,220,2545,2765
Winter,0,November,0,Wednesday,1,Light Snow/Rain,11.583349000000002,11.831936000000002,96.25,7.365104,69,1538,1607
Winter,0,November,0,Thursday,1,Misty/Cloudy,12.719151,12.415441999999999,75.79169999999999,20.82115,112,2454,2566
Winter,0,November,1,Friday,0,Clear/Partly Cloudy,9.546651,8.583086000000002,54.9167,10.372848000000001,560,935,1495
Winter,0,November,0,Saturday,1,Clear/Partly Cloudy,9.625,9.124285999999998,64.375,6.1315396,1095,1697,2792
Winter,0,November,0,Sunday,0,Clear/Partly Cloudy,9.664151,9.415742000000002,68.1667,4.2420896,1249,1819,3068
Winter,0,November,0,Monday,0,Clear/Partly Cloudy,13.580849,14.082799999999999,69.8333,12.955148,810,2261,3071
Winter,0,November,0,Tuesday,1,Clear/Partly Cloudy,15.663466,16.348052000000003,74.3043,8.811564,253,3614,3867
Winter,0,November,0,Wednesday,1,Misty/Cloudy,13.541650999999998,13.790750000000003,83.08330000000001,16.001704,96,2818,2914
Winter,0,November,0,Thursday,1,Clear/Partly Cloudy,7.275,4.540586000000001,61.3333,16.811796,188,3425,3613
Winter,0,December,0,Friday,1,Clear/Partly Cloudy,6.6875,4.166564000000001,52.4583,13.649796,182,3545,3727
Winter,0,December,0,Saturday,1,Clear/Partly Cloudy,6.765848999999999,5.874578,62.583299999999994,6.246748,268,3672,3940
Winter,0,December,0,Sunday,0,Clear/Partly Cloudy,6.060849000000001,4.499863999999999,61.291700000000006,5.9385646,706,2908,3614
Winter,0,December,0,Monday,0,Clear/Partly Cloudy,7.549151,7.040600000000001,77.5833,5.2054146,634,2851,3485
Winter,0,December,0,Tuesday,1,Misty/Cloudy,10.134151,9.99905,82.70830000000001,3.8569146,233,3578,3811
Winter,0,December,0,Wednesday,1,Light Snow/Rain,13.7375,14.122399999999999,94.9583,14.420146,126,2468,2594
Winter,0,December,0,Thursday,1,Light Snow/Rain,11.27,10.416235999999998,97.04169999999999,16.50285,50,655,705
Winter,0,December,0,Friday,1,Clear/Partly Cloudy,4.494150999999999,0.9579079999999998,57.99999999999999,14.883595999999999,150,3172,3322
Winter,0,December,0,Saturday,1,Clear/Partly Cloudy,5.669151000000001,4.9577719999999985,69.58330000000001,5.1284354,261,3359,3620
Winter,0,December,0,Sunday,0,Clear/Partly Cloudy,4.925000000000001,1.5831920000000004,50.74999999999999,14.459702,502,2688,3190
Winter,0,December,0,Monday,0,Clear/Partly Cloudy,2.3791510000000002,0.708164,49.0,4.125585399999999,377,2366,2743
Winter,0,December,0,Tuesday,1,Clear/Partly Cloudy,3.201651,1.8329360000000001,67.08330000000001,3.9339000000000004,143,3167,3310
Winter,0,December,0,Wednesday,1,Clear/Partly Cloudy,5.277499999999998,3.875108000000001,59.0,8.7141,155,3368,3523
Winter,0,December,0,Thursday,1,Misty/Cloudy,6.922499999999999,6.331892,66.375,3.7794146,178,3562,3740
Winter,0,December,0,Friday,1,Misty/Cloudy,11.857499999999998,11.207642,63.416700000000006,16.618604,181,3528,3709
Winter,0,December,0,Saturday,1,Misty/Cloudy,9.625,7.748450000000002,50.0417,16.15565,178,3399,3577
Winter,0,December,0,Sunday,0,Misty/Cloudy,4.1416509999999995,0.4584860000000006,56.0833,15.076354,275,2464,2739
Winter,0,December,0,Monday,0,Clear/Partly Cloudy,3.201651,0.20821399999999812,58.62500000000001,10.526298,220,2211,2431
Winter,0,December,0,Tuesday,1,Clear/Partly Cloudy,5.003349,2.5415779999999977,63.74999999999999,10.719552,260,3143,3403
Winter,0,December,0,Wednesday,1,Misty/Cloudy,10.134151,10.165963999999999,59.5417,3.8173896000000003,216,3534,3750
Spring,0,December,0,Thursday,1,Misty/Cloudy,12.131651000000002,12.249122,85.83330000000001,13.7268,107,2553,2660
Spring,0,December,0,Friday,1,Misty/Cloudy,11.896651000000002,12.123986000000002,75.75,2.93105,227,2841,3068
Spring,0,December,0,Saturday,1,Clear/Partly Cloudy,9.546651,8.915858,68.625,17.003252,163,2046,2209
Spring,0,December,0,Sunday,0,Clear/Partly Cloudy,6.217499999999999,3.7499719999999996,54.25,11.798848,155,856,1011
Spring,0,December,0,Monday,0,Clear/Partly Cloudy,4.914801000000001,2.4774260000000012,68.13040000000001,9.615642000000001,303,451,754
Spring,0,December,1,Tuesday,0,Clear/Partly Cloudy,7.121732999999999,4.825310000000002,50.6957,14.84683,430,887,1317
Spring,0,December,0,Wednesday,1,Misty/Cloudy,7.275,5.6237780000000015,76.25,11.683900000000001,103,1059,1162
Spring,0,December,0,Thursday,1,Clear/Partly Cloudy,6.05911,2.4782839999999986,50.39130000000001,18.225582,255,2047,2302
Spring,0,December,0,Friday,1,Clear/Partly Cloudy,3.6716510000000007,1.4168720000000015,57.4167,7.403544,254,2169,2423
Spring,0,December,0,Saturday,1,Clear/Partly Cloudy,6.648349000000001,5.041591999999998,63.6667,8.328894,491,2508,2999
Spring,0,December,0,Sunday,0,Clear/Partly Cloudy,11.27,11.331986,61.583299999999994,13.649548,665,1820,2485
Spring,1,January,0,Monday,0,Clear/Partly Cloudy,9.39,8.790986,69.25,11.914354,686,1608,2294
Spring,1,January,1,Tuesday,0,Clear/Partly Cloudy,4.833020999999999,0.6520639999999993,38.130399999999995,20.43923,244,1707,1951
Spring,1,January,0,Wednesday,1,Clear/Partly Cloudy,-0.9500000000000002,-7.665850000000001,44.125,22.671602,89,2147,2236
Spring,1,January,0,Thursday,1,Misty/Cloudy,-2.9475,-8.123758,41.4583,11.4514,95,2273,2368
Spring,1,January,0,Friday,1,Clear/Partly Cloudy,4.494150999999999,2.3751919999999984,52.416700000000006,8.059194,140,3132,3272
Spring,1,January,0,Saturday,1,Clear/Partly Cloudy,7.705848999999999,6.457622000000001,54.2083,10.410296,307,3791,4098
Spring,1,January,0,Sunday,0,Clear/Partly Cloudy,10.486650999999998,9.791414,53.1667,10.834996,1070,3451,4521
Spring,1,January,0,Monday,0,Clear/Partly Cloudy,7.862500000000001,6.457028000000001,46.5,11.875604,599,2826,3425
Spring,1,January,0,Tuesday,1,Misty/Cloudy,2.5358490000000007,0.33361400000000074,70.1667,6.1318,106,2270,2376
Spring,1,January,0,Wednesday,1,Clear/Partly Cloudy,6.508712000000001,5.042515999999999,64.65220000000001,11.628224,173,3425,3598
Spring,1,January,0,Thursday,1,Misty/Cloudy,4.885849,2.6661859999999997,84.75,8.135702,92,2085,2177
Spring,1,January,0,Friday,1,Misty/Cloudy,9.9775,9.207908,80.2917,11.219954,269,3828,4097
Spring,1,January,0,Saturday,1,Clear/Partly Cloudy,4.885849,0.4578920000000011,50.74999999999999,23.442696,174,3040,3214
Spring,1,January,0,Sunday,0,Clear/Partly Cloudy,0.4599999999999991,-3.916257999999999,45.75,11.605345999999999,333,2160,2493
Spring,1,January,0,Monday,0,Clear/Partly Cloudy,-0.16665099999999988,-5.332750000000001,41.9167,15.577995999999999,284,2027,2311
Spring,1,January,1,Tuesday,0,Clear/Partly Cloudy,0.9299999999999997,-3.4162420000000004,52.25,14.344196,217,2081,2298
Spring,1,January,0,Wednesday,1,Misty/Cloudy,9.533021000000002,8.042348,71.6087,21.64606,127,2808,2935
Spring,1,January,0,Thursday,1,Clear/Partly Cloudy,6.2566510000000015,2.1667640000000006,44.333299999999994,25.756598,109,3267,3376
Spring,1,January,0,Friday,1,Clear/Partly Cloudy,0.9299999999999997,-3.4574919999999985,49.75,13.649796,130,3162,3292
Spring,1,January,0,Saturday,1,Misty/Cloudy,2.2225,-1.4167720000000017,45.0,12.570500000000001,115,3048,3163
Spring,1,January,0,Sunday,0,Misty/Cloudy,0.14665099999999853,-4.45825,83.125,13.803804,67,1234,1301
Spring,1,January,0,Monday,0,Misty/Cloudy,-0.3624999999999998,-5.291499999999999,79.625,12.377556,196,1781,1977
Spring,1,January,0,Tuesday,1,Misty/Cloudy,2.2616510000000005,0.041827999999998866,91.125,6.863896,145,2287,2432
Spring,1,January,0,Wednesday,1,Clear/Partly Cloudy,8.0975,7.041127999999997,83.58330000000001,7.673554,439,3900,4339
Spring,1,January,0,Thursday,1,Clear/Partly Cloudy,5.825849,3.4581860000000013,64.375,9.986402,467,3803,4270
Spring,1,January,0,Friday,1,Misty/Cloudy,8.058349,7.499299999999998,76.95830000000001,4.5505396,244,3831,4075
Spring,1,January,0,Saturday,1,Misty/Cloudy,11.974999999999998,11.415278,74.125,21.245354,269,3187,3456
Spring,1,January,0,Sunday,0,Clear/Partly Cloudy,6.844150999999998,5.541013999999997,54.333299999999994,13.071397999999999,775,3248,4023
Spring,1,January,0,Monday,0,Clear/Partly Cloudy,5.277499999999998,1.9995860000000008,31.125000000000004,14.8831,558,2685,3243
Spring,1,January,0,Tuesday,1,Clear/Partly Cloudy,4.650848999999999,1.3332499999999996,40.0833,13.379104,126,3498,3624
Spring,1,January,0,Wednesday,1,Clear/Partly Cloudy,10.330000000000002,9.166922,41.6667,16.232654,324,4185,4509
Spring,1,February,0,Thursday,1,Clear/Partly Cloudy,14.050849,14.791508,50.79169999999999,11.722154000000002,304,4275,4579
Spring,1,February,0,Friday,1,Misty/Cloudy,10.760849,10.332086,67.29169999999999,11.605594,190,3571,3761
Spring,1,February,0,Saturday,1,Clear/Partly Cloudy,6.726650999999999,4.416836,52.6667,11.066752,310,3841,4151
Spring,1,February,0,Sunday,0,Misty/Cloudy,4.415849,1.9998499999999986,77.95830000000001,7.557552,384,2448,2832
Spring,1,February,0,Monday,0,Misty/Cloudy,4.494150999999999,1.4583860000000008,68.7917,10.911752000000002,318,2629,2947
Spring,1,February,0,Tuesday,1,Clear/Partly Cloudy,5.282622999999999,3.564116000000002,62.2174,9.535599999999999,206,3578,3784
Spring,1,February,0,Wednesday,1,Clear/Partly Cloudy,8.645849000000002,7.832863999999997,49.625,9.137498,199,4176,4375
Spring,1,February,0,Thursday,1,Misty/Cloudy,4.063348999999999,1.583786,72.2917,8.290702,109,2693,2802
Spring,1,February,0,Friday,1,Clear/Partly Cloudy,4.455,1.291208000000001,56.2083,12.030294,163,3667,3830
Spring,1,February,0,Saturday,1,Misty/Cloudy,5.1991510000000005,3.374828000000001,54.0,7.249598000000001,227,3604,3831
Spring,1,February,0,Sunday,0,Light Snow/Rain,2.5358490000000007,-2.0827779999999994,73.125,17.967351999999998,192,1977,2169
Spring,1,February,0,Monday,0,Clear/Partly Cloudy,-2.0075000000000003,-9.290572000000001,46.4583,25.371144,73,1456,1529
Spring,1,February,0,Tuesday,1,Clear/Partly Cloudy,2.4574999999999996,-0.9577419999999996,41.125,10.371545999999999,94,3328,3422
Spring,1,February,0,Wednesday,1,Misty/Cloudy,7.000848999999999,6.040436,50.875,8.753098,135,3787,3922
Spring,1,February,0,Thursday,1,Clear/Partly Cloudy,8.371651,7.207514000000003,53.125,11.2592,141,4028,4169
Spring,1,February,0,Friday,1,Misty/Cloudy,6.883348999999999,5.790692,75.29169999999999,5.66835,74,2931,3005
Spring,1,February,0,Saturday,1,Clear/Partly Cloudy,8.136651,7.207514000000003,63.4583,12.762452,349,3805,4154
Spring,1,February,0,Sunday,0,Clear/Partly Cloudy,8.293349,7.45805,53.4583,11.837598,1435,2883,4318
Spring,1,February,0,Monday,0,Misty/Cloudy,5.160000000000002,1.5420080000000027,51.5833,15.692944,618,2071,2689
Spring,1,February,1,Tuesday,0,Clear/Partly Cloudy,5.160000000000002,2.043806,50.7826,14.203146,502,2627,3129
Spring,1,February,0,Wednesday,1,Clear/Partly Cloudy,5.5278220000000005,3.477458000000002,59.434799999999996,12.754454,163,3614,3777
Spring,1,February,0,Thursday,1,Clear/Partly Cloudy,10.604150999999998,9.916021999999998,56.7917,14.537202,394,4379,4773
Spring,1,February,0,Friday,1,Clear/Partly Cloudy,13.345849000000001,13.333435999999999,55.45830000000001,11.836606,516,4546,5062
Spring,1,February,0,Saturday,1,Misty/Cloudy,11.1525,11.124085999999998,73.75,14.729154,246,3241,3487
Spring,1,February,0,Sunday,0,Clear/Partly Cloudy,5.669151000000001,0.8745499999999993,39.5833,26.141804,317,2415,2732
Spring,1,February,0,Monday,0,Clear/Partly Cloudy,5.120849,1.708327999999998,41.0,12.724198,515,2874,3389
Spring,1,February,0,Tuesday,1,Clear/Partly Cloudy,9.233349,7.6249639999999985,49.0833,16.618046,253,4069,4322
Spring,1,February,0,Wednesday,1,Clear/Partly Cloudy,8.880849000000001,7.3326499999999974,39.5833,11.991854,229,4134,4363
Spring,1,February,0,Thursday,1,Misty/Cloudy,8.184356000000001,6.999020000000002,80.4783,11.105254,65,1769,1834
Spring,1,March,0,Friday,1,Clear/Partly Cloudy,14.834151000000002,15.374485999999997,61.5417,14.073193999999999,325,4665,4990
Spring,1,March,0,Saturday,1,Misty/Cloudy,8.606651,7.749572000000001,65.7083,8.984048,246,2948,3194
Spring,1,March,0,Sunday,0,Misty/Cloudy,11.465848999999999,11.290472000000001,62.125,9.986898,956,3110,4066
Spring,1,March,0,Monday,0,Clear/Partly Cloudy,7.314150999999999,3.9993859999999977,40.3333,20.743402,710,2713,3423
Spring,1,March,0,Tuesday,1,Clear/Partly Cloudy,3.4366509999999995,-0.08271400000000106,50.625,14.189196,203,3130,3333
Spring,1,March,0,Wednesday,1,Clear/Partly Cloudy,4.1416509999999995,0.8327719999999985,45.6667,12.45425,221,3735,3956
Spring,1,March,0,Thursday,1,Clear/Partly Cloudy,10.995849,9.416599999999999,51.3333,21.438298,432,4484,4916
Spring,1,March,0,Friday,1,Clear/Partly Cloudy,16.792499999999997,18.623863999999998,56.75,27.376905999999998,486,4896,5382
Spring,1,March,0,Saturday,1,Misty/Cloudy,11.309151,10.207478000000002,40.708299999999994,25.7176,447,4122,4569
Spring,1,March,0,Sunday,0,Clear/Partly Cloudy,5.512499999999999,2.3326220000000006,35.0417,13.996500000000001,968,3150,4118
Spring,1,March,0,Monday,0,Clear/Partly Cloudy,9.001732999999998,7.738219999999998,47.6957,13.800394,1658,3253,4911
Spring,1,March,0,Tuesday,1,Clear/Partly Cloudy,13.933349,14.333072000000001,48.9167,12.878206,838,4460,5298
Spring,1,March,0,Wednesday,1,Clear/Partly Cloudy,18.554999999999996,19.833314,61.75000000000001,14.6909,762,5085,5847
Spring,1,March,0,Thursday,1,Clear/Partly Cloudy,18.9075,20.208722,50.708299999999994,7.133844,997,5315,6312
Spring,1,March,0,Friday,1,Clear/Partly Cloudy,18.2025,19.166449999999998,57.958299999999994,9.292746,1005,5187,6192
Spring,1,March,0,Saturday,1,Misty/Cloudy,12.484151,12.791114,84.20830000000001,7.017904,548,3830,4378
Spring,1,March,0,Sunday,0,Misty/Cloudy,16.165849,17.333036,75.5833,6.8636479999999995,3155,4681,7836
Spring,1,March,0,Monday,0,Misty/Cloudy,14.2075,14.624000000000002,81.0,7.866746,2207,3685,5892
Spring,1,March,0,Tuesday,1,Clear/Partly Cloudy,17.615000000000002,19.166185999999996,72.875,10.063654,982,5171,6153
Spring,1,March,0,Wednesday,1,Clear/Partly Cloudy,18.359151,19.543178000000005,80.7917,7.518802,1051,5042,6093
Summer,1,March,0,Thursday,1,Misty/Cloudy,16.988349,17.875028,82.125,5.552614599999999,1122,5108,6230
Summer,1,March,0,Friday,1,Clear/Partly Cloudy,18.045848999999997,19.083422,83.125,7.288844,1334,5537,6871
Summer,1,March,0,Saturday,1,Misty/Cloudy,20.278349,21.624422000000003,69.41669999999999,7.2106,2469,5893,8362
Summer,1,March,0,Sunday,0,Misty/Cloudy,15.617499999999996,16.124378,88.5417,11.952546,1033,2339,3372
Summer,1,March,0,Monday,0,Misty/Cloudy,12.5625,12.874208,88.0833,13.68805,1532,3464,4996
Summer,1,March,0,Tuesday,1,Clear/Partly Cloudy,12.954151,12.9575,47.7917,23.982902000000003,795,4763,5558
Summer,1,March,0,Wednesday,1,Clear/Partly Cloudy,7.196650999999999,4.833164,28.999999999999996,11.605904,531,4571,5102
Summer,1,March,0,Thursday,1,Clear/Partly Cloudy,14.755849000000001,15.082699999999999,48.125,18.083602,674,5024,5698
Summer,1,March,0,Friday,1,Clear/Partly Cloudy,15.225849,15.832063999999999,43.9167,19.8183,834,5299,6133
Summer,1,March,0,Saturday,1,Misty/Cloudy,9.39,8.790986,58.0833,8.560153999999999,796,4663,5459
Summer,1,March,0,Sunday,0,Misty/Cloudy,11.935849000000001,11.832728000000003,73.83330000000001,15.538253999999998,2301,3934,6235
Summer,1,April,0,Monday,0,Misty/Cloudy,12.014151000000002,11.540942000000001,67.625,10.680554,2347,3694,6041
Summer,1,April,0,Tuesday,1,Clear/Partly Cloudy,12.393911,12.215857999999997,50.4348,19.352618,1208,4728,5936
Summer,1,April,0,Wednesday,1,Clear/Partly Cloudy,13.933349,14.457877999999997,39.6667,6.208246,1348,5424,6772
Summer,1,April,0,Thursday,1,Clear/Partly Cloudy,17.458349000000002,19.207699999999996,46.958299999999994,11.22045,1058,5378,6436
Summer,1,April,0,Friday,1,Clear/Partly Cloudy,12.445,12.456758,37.416700000000006,13.610798,1192,5265,6457
Summer,1,April,0,Saturday,1,Clear/Partly Cloudy,10.956651,9.790621999999999,37.7083,18.624056,1807,4653,6460
Summer,1,April,0,Sunday,0,Clear/Partly Cloudy,12.5625,12.124513999999998,25.4167,17.042002,3252,3605,6857
Summer,1,April,0,Monday,0,Clear/Partly Cloudy,15.5,16.50005,27.5833,14.420952,2230,2939,5169
Summer,1,April,0,Tuesday,1,Clear/Partly Cloudy,14.990849,15.458108,31.75,22.208152000000002,905,4680,5585
Summer,1,April,0,Wednesday,1,Clear/Partly Cloudy,12.993348999999998,12.791377999999998,43.5,15.461250000000001,819,5099,5918
Summer,1,April,0,Thursday,1,Clear/Partly Cloudy,8.388712000000002,6.260084000000003,46.9565,18.306988,482,4380,4862
Summer,1,April,0,Friday,1,Clear/Partly Cloudy,10.682500000000001,9.581864,46.625,18.006598,663,4746,5409
Summer,1,April,0,Saturday,1,Clear/Partly Cloudy,12.7975,12.499328000000002,40.8333,9.639202,1252,5146,6398
Summer,1,April,0,Sunday,0,Clear/Partly Cloudy,15.265,16.207735999999997,50.29169999999999,11.836854,2795,4665,7460
Summer,1,April,0,Monday,0,Clear/Partly Cloudy,20.513348999999998,21.875750000000004,50.79169999999999,13.957998,2846,4286,7132
Summer,1,April,1,Tuesday,0,Clear/Partly Cloudy,23.215849,24.585050000000003,56.166700000000006,17.659398,1198,5172,6370
Summer,1,April,0,Wednesday,1,Clear/Partly Cloudy,20.591651,23.500141999999997,39.0417,16.964998,989,5702,6691
Summer,1,April,0,Thursday,1,Misty/Cloudy,13.776651000000001,14.164508000000001,56.9167,10.410544,347,4020,4367
Summer,1,April,0,Friday,1,Clear/Partly Cloudy,15.421651,16.541036,61.25000000000001,4.0876104,846,5719,6565
Summer,1,April,0,Saturday,1,Clear/Partly Cloudy,16.753349,18.041150000000002,69.4583,9.292002,1340,5950,7290
Summer,1,April,0,Sunday,0,Clear/Partly Cloudy,18.79,19.832786,68.2917,17.582393999999997,2541,4083,6624
Summer,1,April,0,Monday,0,Light Snow/Rain,10.643349,9.707264000000002,83.54169999999999,21.361852000000003,120,907,1027
Summer,1,April,0,Tuesday,1,Misty/Cloudy,7.1183489999999985,3.87425,76.66669999999999,18.816752,195,3019,3214
Summer,1,April,0,Wednesday,1,Clear/Partly Cloudy,11.426651,10.748678000000002,45.4167,15.461746,518,5115,5633
Summer,1,April,0,Thursday,1,Clear/Partly Cloudy,14.403348999999999,15.040921999999998,42.7917,7.365104,655,5541,6196
Summer,1,April,0,Friday,1,Misty/Cloudy,15.421651,15.916477999999998,75.66669999999999,10.950750000000001,475,4551,5026
Summer,1,April,0,Saturday,1,Clear/Partly Cloudy,13.502500000000001,13.874042,40.0833,21.553246,1014,5219,6233
Summer,1,April,0,Sunday,0,Misty/Cloudy,9.703349,8.915264,48.9583,8.05845,1120,3100,4220
Summer,1,April,0,Monday,0,Clear/Partly Cloudy,13.541650999999998,13.707985999999998,58.7083,7.248296,2229,4075,6304
Summer,1,April,0,Tuesday,1,Misty/Cloudy,13.815849,14.207936,56.99999999999999,10.641556000000001,665,4907,5572
Summer,1,May,0,Wednesday,1,Misty/Cloudy,20.826651000000002,22.083385999999997,65.95830000000001,9.677952000000001,653,5087,5740
Summer,1,May,0,Thursday,1,Clear/Partly Cloudy,18.515849,19.501136000000002,79.7083,8.559595999999999,667,5502,6169
Summer,1,May,0,Friday,1,Misty/Cloudy,18.320000000000004,19.457971999999998,76.83330000000001,8.289152000000001,764,5657,6421
Summer,1,May,0,Saturday,1,Clear/Partly Cloudy,21.492499999999996,23.000522000000004,73.54169999999999,10.102156,1069,5227,6296
Summer,1,May,0,Sunday,0,Misty/Cloudy,21.218349,22.584128,75.66669999999999,9.485503999999999,2496,4387,6883
Summer,1,May,0,Monday,0,Misty/Cloudy,18.4375,20.084642000000002,74.0,9.292498,2135,4224,6359
Summer,1,May,0,Tuesday,1,Misty/Cloudy,17.2625,18.791372000000003,66.41669999999999,14.304702,1008,5265,6273
Summer,1,May,0,Wednesday,1,Misty/Cloudy,19.338349,20.793086000000002,68.58330000000001,18.353797999999998,738,4990,5728
Summer,1,May,0,Thursday,1,Misty/Cloudy,19.025,20.499650000000003,74.4167,13.417544,620,4097,4717
Summer,1,May,0,Friday,1,Clear/Partly Cloudy,15.774151,16.457678,55.2083,19.471905999999997,1026,5546,6572
Summer,1,May,0,Saturday,1,Clear/Partly Cloudy,17.066650999999997,18.374978,36.0417,14.690094,1319,5711,7030
Summer,1,May,0,Sunday,0,Clear/Partly Cloudy,18.515849,19.957921999999996,48.0417,7.634246,2622,4807,7429
Summer,1,May,0,Monday,0,Clear/Partly Cloudy,20.7875,22.625708000000003,57.62500000000001,13.957254,2172,3946,6118
Summer,1,May,0,Tuesday,1,Misty/Cloudy,18.946651,20.293400000000005,78.95830000000001,13.186904,342,2501,2843
Summer,1,May,0,Wednesday,1,Misty/Cloudy,20.748348999999997,22.042664000000002,79.45830000000001,9.138304,625,4490,5115
Summer,1,May,0,Thursday,1,Clear/Partly Cloudy,21.923348999999998,23.33435,69.7917,7.595744,991,6433,7424
Summer,1,May,0,Friday,1,Clear/Partly Cloudy,19.886651,21.792458000000003,52.0,14.227450000000001,1242,6142,7384
Summer,1,May,0,Saturday,1,Clear/Partly Cloudy,18.515849,20.373985999999995,52.33330000000001,8.482654,1521,6118,7639
Summer,1,May,0,Sunday,0,Clear/Partly Cloudy,20.2,21.415928,45.625,5.206449999999999,3410,4884,8294
Summer,1,May,0,Monday,0,Clear/Partly Cloudy,21.179150999999997,22.541822000000003,53.041700000000006,15.770754,2704,4425,7129
Summer,1,May,0,Tuesday,1,Misty/Cloudy,20.121651,21.334022000000004,81.125,14.458648,630,3729,4359
Summer,1,May,0,Wednesday,1,Misty/Cloudy,20.905,22.334450000000004,76.5833,7.326353999999999,819,5254,6073
Summer,1,May,0,Thursday,1,Misty/Cloudy,21.218349,22.584392,77.45830000000001,6.324,766,4494,5260
Summer,1,May,0,Friday,1,Clear/Partly Cloudy,22.785,24.0422,71.6667,10.719552,1059,5711,6770
Summer,1,May,0,Saturday,1,Clear/Partly Cloudy,23.96,25.416914,74.70830000000001,8.7141,1417,5317,6734
Summer,1,May,0,Sunday,0,Clear/Partly Cloudy,24.5475,26.417936000000005,73.25,12.337504000000001,2855,3681,6536
Summer,1,May,0,Monday,0,Clear/Partly Cloudy,24.43,26.334050000000005,69.7083,13.340602,3283,3308,6591
Summer,1,May,1,Tuesday,0,Clear/Partly Cloudy,25.487500000000004,28.833800000000004,67.625,12.184302,2557,3486,6043
Summer,1,May,0,Wednesday,1,Clear/Partly Cloudy,25.957500000000003,28.417472000000004,68.45830000000001,18.314799999999998,880,4863,5743
Summer,1,May,0,Thursday,1,Misty/Cloudy,22.863349,24.334514,67.0,8.328398,745,6110,6855
Summer,1,May,0,Friday,1,Clear/Partly Cloudy,23.96,25.667714000000004,49.2917,12.107298,1100,6238,7338
Summer,1,June,0,Saturday,1,Misty/Cloudy,22.745849000000003,24.125492,75.5417,14.728906,533,3594,4127
Summer,1,June,0,Sunday,0,Clear/Partly Cloudy,19.416650999999998,21.375008,54.9167,11.566844,2795,5325,8120
Summer,1,June,0,Monday,0,Clear/Partly Cloudy,20.317500000000003,21.958778000000002,49.3333,11.413394,2494,5147,7641
Summer,1,June,0,Tuesday,1,Clear/Partly Cloudy,20.082500000000003,22.166677999999997,48.7083,17.659646,1071,5927,6998
Summer,1,June,0,Wednesday,1,Misty/Cloudy,17.419151,18.708872,61.3333,12.99365,968,6033,7001
Summer,1,June,0,Thursday,1,Clear/Partly Cloudy,18.045848999999997,19.791272,61.12499999999999,4.78175,1027,6028,7055
Summer,1,June,0,Friday,1,Clear/Partly Cloudy,20.317500000000003,21.583171999999998,56.7083,9.7557,1038,6456,7494
Summer,1,June,0,Saturday,1,Clear/Partly Cloudy,22.510849000000004,23.458892,46.791700000000006,10.873746,1488,6248,7736
Summer,1,June,0,Sunday,0,Clear/Partly Cloudy,25.409151,26.792222000000002,43.7083,8.945794,2708,4790,7498
Summer,1,June,0,Monday,0,Clear/Partly Cloudy,26.153349,27.792122,53.833299999999994,8.290702,2224,4374,6598
Summer,1,June,0,Tuesday,1,Misty/Cloudy,25.879151,27.541586000000002,58.791700000000006,12.878206,1017,5647,6664
Summer,1,June,0,Wednesday,1,Misty/Cloudy,22.706651,23.45975,83.3333,13.301851999999998,477,4495,4972
Summer,1,June,0,Thursday,1,Clear/Partly Cloudy,22.824151,24.333722,58.2083,21.283298,1173,6248,7421
Summer,1,June,0,Friday,1,Clear/Partly Cloudy,22.471651,25.209278000000005,56.958299999999994,15.731445999999998,1180,6183,7363
Summer,1,June,0,Saturday,1,Clear/Partly Cloudy,22.040849,23.583764000000002,58.958299999999994,10.950254,1563,6102,7665
Summer,1,June,0,Sunday,0,Clear/Partly Cloudy,21.688349,23.250728000000002,50.416700000000006,10.333354,2963,4739,7702
Summer,1,June,0,Monday,0,Clear/Partly Cloudy,19.8475,21.750349999999997,59.875,8.984048,2634,4344,6978
Summer,1,June,0,Tuesday,1,Misty/Cloudy,18.711651,19.959572,77.79169999999999,10.834252000000001,653,4446,5099
Summer,1,June,0,Wednesday,1,Clear/Partly Cloudy,24.351650999999997,27.209672000000005,69.0,9.177054,968,5857,6825
Summer,1,June,0,Thursday,1,Clear/Partly Cloudy,28.777499999999996,31.58435,59.2083,7.056344,872,5339,6211
Fall,1,June,0,Friday,1,Clear/Partly Cloudy,29.874150999999998,33.667772,56.7917,7.364794,778,5127,5905
Fall,1,June,0,Saturday,1,Clear/Partly Cloudy,28.542499999999997,31.791986,57.375,11.336204,964,4859,5823
Fall,1,June,0,Sunday,0,Clear/Partly Cloudy,26.388348999999998,27.084272000000006,53.4583,11.142702,2657,4801,7458
Fall,1,June,0,Monday,0,Clear/Partly Cloudy,26.936650999999998,28.500764000000004,47.9167,9.022549999999999,2551,4340,6891
Fall,1,June,0,Tuesday,1,Clear/Partly Cloudy,25.644151,27.166772,50.416700000000006,18.623746,1139,5640,6779
Fall,1,June,0,Wednesday,1,Clear/Partly Cloudy,21.649151,23.250464,37.3333,21.553804,1077,6365,7442
Fall,1,June,0,Thursday,1,Clear/Partly Cloudy,24.7825,26.292272000000004,36.0,16.85005,1077,6258,7335
Fall,1,June,0,Friday,1,Clear/Partly Cloudy,27.210849000000003,28.583792000000003,42.25,10.6423,921,5958,6879
Fall,1,June,0,Saturday,1,Clear/Partly Cloudy,31.205849,35.916458,48.875,10.255854000000001,829,4634,5463
Fall,1,June,0,Sunday,0,Clear/Partly Cloudy,27.955,29.375528000000003,60.12499999999999,9.986402,1455,4232,5687
Fall,1,July,0,Monday,0,Clear/Partly Cloudy,30.344151000000004,33.541514,51.87500000000001,10.448798,1421,4110,5531
Fall,1,July,0,Tuesday,1,Clear/Partly Cloudy,28.738349,30.334508000000007,44.7083,12.106554,904,5323,6227
Fall,1,July,0,Wednesday,1,Clear/Partly Cloudy,28.699151,30.374899999999997,49.2083,7.826693999999999,1052,5608,6660
Fall,1,July,1,Thursday,0,Clear/Partly Cloudy,29.090849,32.334242,53.87499999999999,8.3669,2562,4841,7403
Fall,1,July,0,Friday,1,Clear/Partly Cloudy,30.8925,34.250222,45.7917,12.029798,1405,4836,6241
Fall,1,July,0,Saturday,1,Clear/Partly Cloudy,30.931651000000002,33.667178,45.0833,9.060804,1366,4841,6207
Fall,1,July,0,Sunday,0,Clear/Partly Cloudy,32.498349,37.124258,49.2083,10.140348,1448,3392,4840
Fall,1,July,0,Monday,0,Clear/Partly Cloudy,30.6575,36.166136,57.375,7.788997999999999,1203,3469,4672
Fall,1,July,0,Tuesday,1,Misty/Cloudy,25.409151,27.167564,68.3333,11.22045,998,5571,6569
Fall,1,July,0,Wednesday,1,Misty/Cloudy,25.879151,27.876536,66.75,9.407694000000001,954,5336,6290
Fall,1,July,0,Thursday,1,Clear/Partly Cloudy,25.683349,26.917886000000003,63.3333,9.407446,975,6289,7264
Fall,1,July,0,Friday,1,Clear/Partly Cloudy,25.644151,27.209077999999998,52.9583,9.10005,1032,6414,7446
Fall,1,July,0,Saturday,1,Misty/Cloudy,26.388348999999998,28.083578000000003,48.5833,5.012700000000001,1511,5988,7499
Fall,1,July,0,Sunday,0,Misty/Cloudy,25.056651000000002,27.958772000000003,69.91669999999999,8.908098,2355,4614,6969
Fall,1,July,0,Monday,0,Clear/Partly Cloudy,27.054150999999997,30.542936000000005,71.7917,10.333354,1920,4111,6031
Fall,1,July,0,Tuesday,1,Clear/Partly Cloudy,27.876651000000003,31.792250000000003,64.5,10.179594,1088,5742,6830
Fall,1,July,0,Wednesday,1,Clear/Partly Cloudy,30.461650999999996,33.875078,50.583299999999994,7.094598,921,5865,6786
Fall,1,July,0,Thursday,1,Clear/Partly Cloudy,29.286651,33.208478,57.7083,8.521404,799,4914,5713
Fall,1,July,0,Friday,1,Clear/Partly Cloudy,28.189999999999998,31.166372000000003,60.0417,10.256598,888,5703,6591
Fall,1,July,0,Saturday,1,Misty/Cloudy,23.294151,24.459650000000003,84.4167,12.955954,747,5123,5870
Fall,1,July,0,Sunday,0,Light Snow/Rain,20.004150999999997,20.294191999999995,86.5417,13.224599999999999,1264,3195,4459
Fall,1,July,0,Monday,0,Misty/Cloudy,23.3725,25.126250000000006,76.25,5.8230896,2544,4866,7410
Fall,1,July,0,Tuesday,1,Clear/Partly Cloudy,26.858348999999997,29.541122,69.41669999999999,8.598346,1135,5831,6966
Fall,1,July,0,Wednesday,1,Clear/Partly Cloudy,27.289150999999997,30.625700000000002,65.5,13.110148,1140,6452,7592
Fall,1,July,0,Thursday,1,Clear/Partly Cloudy,26.035849,27.167564,45.0,10.217600000000001,1383,6790,8173
Fall,1,July,0,Friday,1,Clear/Partly Cloudy,28.503349,32.791358,59.66669999999999,17.658406,1036,5825,6861
Fall,1,July,0,Saturday,1,Clear/Partly Cloudy,28.738349,32.458322,59.458299999999994,9.485503999999999,1259,5645,6904
Fall,1,July,0,Sunday,0,Clear/Partly Cloudy,27.524150999999996,30.041863999999997,61.3333,9.7557,2234,4451,6685
Fall,1,July,0,Monday,0,Clear/Partly Cloudy,25.918349,28.083578000000003,62.375,10.564551999999999,2153,4444,6597
Fall,1,July,0,Tuesday,1,Clear/Partly Cloudy,26.349151,29.209142,66.875,9.524254,1040,6065,7105
Fall,1,July,0,Wednesday,1,Clear/Partly Cloudy,25.526651,27.751136000000002,70.41669999999999,10.25635,968,6248,7216
Fall,1,August,0,Thursday,1,Clear/Partly Cloudy,25.722500000000004,28.042327999999998,67.75,8.753098,1074,6506,7580
Fall,1,August,0,Friday,1,Clear/Partly Cloudy,27.3675,30.667808,65.95830000000001,8.019948,983,6278,7261
Fall,1,August,0,Saturday,1,Misty/Cloudy,27.994151000000002,31.709222000000004,64.25,13.379104,1328,5847,7175
Fall,1,August,0,Sunday,0,Clear/Partly Cloudy,29.286651,33.583622,61.3333,15.962396000000002,2345,4479,6824
Fall,1,August,0,Monday,0,Clear/Partly Cloudy,28.150849,32.251214000000004,65.25,18.006102,1707,3757,5464
Fall,1,August,0,Tuesday,1,Misty/Cloudy,27.3675,30.876236000000006,65.4167,8.019948,1233,5780,7013
Fall,1,August,0,Wednesday,1,Misty/Cloudy,26.584151,30.042986000000006,70.375,7.248296,1278,5995,7273
Fall,1,August,0,Thursday,1,Misty/Cloudy,27.25,30.709322,67.29169999999999,6.8634,1263,6271,7534
Fall,1,August,0,Friday,1,Clear/Partly Cloudy,27.524150999999996,30.167528000000004,62.0417,9.678199999999999,1196,6090,7286
Fall,1,August,0,Saturday,1,Misty/Cloudy,25.644151,28.084172000000002,71.58330000000001,14.806405999999999,1065,4721,5786
Fall,1,August,0,Sunday,0,Misty/Cloudy,24.5475,26.125622,73.2917,12.801698,2247,4052,6299
Fall,1,August,0,Monday,0,Clear/Partly Cloudy,24.939151000000003,26.542214,53.041700000000006,7.595744,2182,4362,6544
Fall,1,August,0,Tuesday,1,Clear/Partly Cloudy,25.879151,27.708764000000002,54.541700000000006,8.445143999999999,1207,5676,6883
Fall,1,August,0,Wednesday,1,Clear/Partly Cloudy,26.153349,28.667414,68.6667,10.487796,1128,5656,6784
Fall,1,August,0,Thursday,1,Clear/Partly Cloudy,25.213349,27.166441999999996,61.9583,10.525802,1198,6149,7347
Fall,1,August,0,Friday,1,Clear/Partly Cloudy,25.800849,27.209408000000003,51.916700000000006,8.791352,1338,6267,7605
Fall,1,August,0,Saturday,1,Clear/Partly Cloudy,25.996651,-0.0015999999999998238,57.0833,14.343948000000001,1483,5665,7148
Fall,1,August,0,Sunday,0,Clear/Partly Cloudy,23.881650999999998,24.792686000000003,60.3333,11.027754,2827,5038,7865
Fall,1,August,0,Monday,0,Misty/Cloudy,21.884151,23.834564,71.1667,5.3599,1208,3341,4549
Fall,1,August,0,Tuesday,1,Misty/Cloudy,21.884151,23.333822000000005,73.4167,8.058698000000001,1026,5504,6530
Fall,1,August,0,Wednesday,1,Clear/Partly Cloudy,22.510849000000004,23.667650000000002,67.375,4.5117896,1081,5925,7006
Fall,1,August,0,Thursday,1,Clear/Partly Cloudy,23.3725,25.042364,67.7083,4.357564600000001,1094,6281,7375
Fall,1,August,0,Friday,1,Clear/Partly Cloudy,24.704151000000003,26.042528000000004,63.5833,5.2449396,1363,6402,7765
Fall,1,August,0,Saturday,1,Misty/Cloudy,25.0175,26.708600000000004,61.5,4.4730396,1325,6257,7582
Fall,1,August,0,Sunday,0,Misty/Cloudy,23.098349,24.833936,71.2917,15.153296,1829,4224,6053
Fall,1,August,0,Monday,0,Misty/Cloudy,22.706651,23.335735999999997,84.5833,14.189196,1483,3772,5255
Fall,1,August,0,Tuesday,1,Clear/Partly Cloudy,25.056651000000002,27.209408000000003,73.04169999999999,7.981445999999999,989,5928,6917
Fall,1,August,0,Wednesday,1,Clear/Partly Cloudy,26.231651,27.9593,62.0,11.83735,935,6105,7040
Fall,1,August,0,Thursday,1,Clear/Partly Cloudy,24.195,25.958377999999996,55.2083,6.978844,1177,6520,7697
Fall,1,August,0,Friday,1,Clear/Partly Cloudy,25.213349,27.083413999999998,59.0417,4.7812354,1172,6541,7713
Fall,1,August,0,Saturday,1,Clear/Partly Cloudy,27.915849,29.5004,58.75,10.449046,1433,5917,7350
Fall,1,September,0,Sunday,0,Misty/Cloudy,27.406651000000004,30.375163999999998,63.8333,7.017594,2352,3788,6140
Fall,1,September,0,Monday,0,Misty/Cloudy,24.743349000000002,26.834000000000003,81.5,3.9723895999999996,2613,3197,5810
Fall,1,September,1,Tuesday,0,Clear/Partly Cloudy,25.252499999999998,27.667514000000004,79.0833,9.369502,1965,4069,6034
Fall,1,September,0,Wednesday,1,Clear/Partly Cloudy,26.114151,29.334608000000003,75.5,14.651902,867,5997,6864
Fall,1,September,0,Thursday,1,Clear/Partly Cloudy,26.623348999999997,30.792878,74.125,11.644096,832,6280,7112
Fall,1,September,0,Friday,1,Misty/Cloudy,24.743349000000002,27.251714000000007,81.0417,8.830102,611,5592,6203
Fall,1,September,0,Saturday,1,Clear/Partly Cloudy,25.056651000000002,27.375464,73.625,10.642052,1045,6459,7504
Fall,1,September,0,Sunday,0,Misty/Cloudy,22.980849,24.333986000000003,79.91669999999999,17.428448000000003,1557,4419,5976
Fall,1,September,0,Monday,0,Clear/Partly Cloudy,20.669999999999998,22.209050000000005,54.75,13.918752,2570,5657,8227
Fall,1,September,0,Tuesday,1,Clear/Partly Cloudy,19.416650999999998,21.333163999999996,50.375,16.040206,1118,6407,7525
Fall,1,September,0,Wednesday,1,Clear/Partly Cloudy,19.142500000000002,20.583272,52.0,5.7073604,1070,6697,7767
Fall,1,September,0,Thursday,1,Clear/Partly Cloudy,20.160849,21.62495,57.7083,8.174451999999999,1050,6820,7870
Fall,1,September,0,Friday,1,Clear/Partly Cloudy,20.7875,22.250828,63.708299999999994,5.1286895999999995,1054,6750,7804
Fall,1,September,0,Saturday,1,Clear/Partly Cloudy,21.766651000000003,23.209478000000004,67.25,6.439506,1379,6630,8009
Fall,1,September,0,Sunday,0,Clear/Partly Cloudy,20.591651,22.667222000000002,50.1667,15.346302,3160,5554,8714
Fall,1,September,0,Monday,0,Clear/Partly Cloudy,19.259999999999998,21.166249999999998,56.99999999999999,5.5913645999999995,2166,5167,7333
Fall,1,September,0,Tuesday,1,Misty/Cloudy,19.299151000000002,20.5013,73.4583,9.408004,1022,5847,6869
Fall,1,September,0,Wednesday,1,Misty/Cloudy,21.296651,21.294421999999997,87.25,22.170393999999998,371,3702,4073
Fall,1,September,0,Thursday,1,Clear/Partly Cloudy,17.9675,19.666663999999997,53.6667,13.34085,788,6803,7591
Fall,1,September,0,Friday,1,Clear/Partly Cloudy,17.693349,19.124671999999997,61.8333,7.326353999999999,939,6781,7720
Fall,1,September,0,Saturday,1,Clear/Partly Cloudy,20.160849,21.750086000000003,66.875,9.562198,1250,6917,8167
Fall,1,September,0,Sunday,0,Clear/Partly Cloudy,22.55,24.292208000000002,64.6667,17.582145999999998,2512,5883,8395
Winter,1,September,0,Monday,0,Clear/Partly Cloudy,16.870849000000003,18.249578,46.7083,13.841996,2454,5453,7907
Winter,1,September,0,Tuesday,1,Clear/Partly Cloudy,16.165849,17.165858,49.2917,8.829048,1001,6435,7436
Winter,1,September,0,Wednesday,1,Clear/Partly Cloudy,17.85,19.915813999999997,56.99999999999999,14.651902,845,6693,7538
Winter,1,September,0,Thursday,1,Clear/Partly Cloudy,21.845,23.376458,63.083299999999994,15.152800000000001,787,6946,7733
Winter,1,September,0,Friday,1,Misty/Cloudy,22.55,24.126350000000002,69.08330000000001,8.329203999999999,751,6642,7393
Winter,1,September,0,Saturday,1,Misty/Cloudy,21.100849,22.666958,69.0,10.179098,1045,6370,7415
Winter,1,September,0,Sunday,0,Clear/Partly Cloudy,17.4975,18.999536,54.2917,14.111448,2589,5966,8555
Winter,1,September,0,Monday,0,Clear/Partly Cloudy,16.753349,18.165757999999997,58.3333,8.367396,2015,4874,6889
Winter,1,October,0,Tuesday,1,Misty/Cloudy,16.479150999999998,17.792,64.9167,5.6298604,763,6015,6778
Winter,1,October,0,Wednesday,1,Light Snow/Rain,19.769151,19.793977999999996,87.16669999999999,6.47745,315,4324,4639
Winter,1,October,0,Thursday,1,Misty/Cloudy,22.9025,23.542778,79.375,4.1258396,728,6844,7572
Winter,1,October,0,Friday,1,Misty/Cloudy,22.9025,24.126350000000002,72.2917,7.287852,891,6437,7328
Winter,1,October,0,Saturday,1,Clear/Partly Cloudy,20.905,22.292341999999998,62.74999999999999,6.5937,1516,6640,8156
Winter,1,October,0,Sunday,0,Clear/Partly Cloudy,18.045848999999997,19.542386,66.41669999999999,16.61755,3031,4934,7965
Winter,1,October,0,Monday,0,Misty/Cloudy,11.544151,11.707657999999999,70.8333,8.752044000000001,781,2729,3510
Winter,1,October,1,Tuesday,0,Misty/Cloudy,10.016651,9.582128,70.9583,11.760098,874,4604,5478
Winter,1,October,0,Wednesday,1,Misty/Cloudy,12.993348999999998,12.915392,76.16669999999999,11.7986,601,5791,6392
Winter,1,October,0,Thursday,1,Clear/Partly Cloudy,16.165849,17.207372,63.083299999999994,11.644902,780,6911,7691
Winter,1,October,0,Friday,1,Clear/Partly Cloudy,12.445,12.457022000000002,46.3333,11.258952,834,6736,7570
Winter,1,October,0,Saturday,1,Clear/Partly Cloudy,12.5625,12.582685999999999,53.91669999999999,14.575704,1060,6222,7282
Winter,1,October,0,Sunday,0,Clear/Partly Cloudy,10.486650999999998,9.832136000000002,49.4583,9.060804,2252,4857,7109
Winter,1,October,0,Monday,0,Clear/Partly Cloudy,16.518349,17.541463999999998,64.0417,17.273944,2080,4559,6639
Winter,1,October,0,Tuesday,1,Misty/Cloudy,18.398349,19.5839,70.75,18.354294,760,5115,5875
Winter,1,October,0,Wednesday,1,Clear/Partly Cloudy,14.011651,14.415835999999999,55.833299999999994,11.297702,922,6612,7534
Winter,1,October,0,Thursday,1,Clear/Partly Cloudy,13.424150999999998,13.707128,69.2917,6.285002,979,6482,7461
Winter,1,October,0,Friday,1,Misty/Cloudy,16.557499999999997,17.83325,72.8333,14.690094,1008,6501,7509
Winter,1,October,0,Saturday,1,Misty/Cloudy,18.476651,19.501136000000002,81.5,8.367148,753,4671,5424
Winter,1,October,0,Sunday,0,Clear/Partly Cloudy,14.755849000000001,15.207571999999999,57.2917,7.287294,2806,5284,8090
Winter,1,October,0,Monday,0,Clear/Partly Cloudy,13.815849,14.124313999999998,51.0,10.295348,2132,4692,6824
Winter,1,October,0,Tuesday,1,Clear/Partly Cloudy,14.912499999999998,15.874171999999998,56.833299999999994,5.0519646,830,6228,7058
Winter,1,October,0,Wednesday,1,Clear/Partly Cloudy,17.575848999999998,19.000064000000002,64.16669999999999,5.8618396,841,6625,7466
Winter,1,October,0,Thursday,1,Clear/Partly Cloudy,19.6125,20.875586,63.625,4.5123104000000005,795,6898,7693
Winter,1,October,0,Friday,1,Misty/Cloudy,17.85,18.959408000000003,80.0417,7.71125,875,6484,7359
Winter,1,October,0,Saturday,1,Misty/Cloudy,17.654151,18.5015,80.7083,8.212954,1182,6262,7444
Winter,1,October,0,Sunday,0,Misty/Cloudy,16.91,17.998777999999994,72.0,14.612904,2643,5209,7852
Winter,1,October,0,Monday,0,Misty/Cloudy,14.442499999999999,14.872886000000001,69.4583,24.676495999999997,998,3461,4459
Winter,1,October,0,Tuesday,1,Light Snow/Rain,12.68,13.000399999999999,88.0,22.2084,2,20,22
Winter,1,October,0,Wednesday,1,Misty/Cloudy,6.954554000000002,4.453993999999998,82.5455,13.206558000000001,87,1009,1096
Winter,1,October,0,Thursday,1,Misty/Cloudy,8.802499999999998,7.832599999999999,66.6667,10.333354,419,5147,5566
Winter,1,November,0,Friday,1,Misty/Cloudy,9.194151000000002,8.416172,58.166700000000006,9.755452,466,5520,5986
Winter,1,November,0,Saturday,1,Clear/Partly Cloudy,8.684999999999999,7.498772000000002,52.208299999999994,16.50285,618,5229,5847
Winter,1,November,0,Sunday,0,Misty/Cloudy,8.136651,5.373836000000001,49.125,16.772798,1029,4109,5138
Winter,1,November,0,Monday,0,Clear/Partly Cloudy,7.314150999999999,5.749507999999999,53.2917,11.104695999999999,1201,3906,5107
Winter,1,November,0,Tuesday,1,Clear/Partly Cloudy,7.000848999999999,4.33295,49.416700000000006,14.65215,378,4881,5259
Winter,1,November,0,Wednesday,1,Clear/Partly Cloudy,5.1991510000000005,2.5834220000000023,56.7083,10.757806,466,5220,5686
Winter,1,November,0,Thursday,1,Misty/Cloudy,5.904151000000001,2.124986,54.75,18.854696,326,4709,5035
Winter,1,November,0,Friday,1,Clear/Partly Cloudy,8.552177999999998,6.564806000000001,33.3478,21.56577,340,4975,5315
Winter,1,November,0,Saturday,1,Clear/Partly Cloudy,8.998349000000001,7.4572579999999995,54.0833,13.302596,709,5283,5992
Winter,1,November,0,Sunday,0,Clear/Partly Cloudy,10.290848999999998,9.999841999999997,64.5417,3.5864396000000003,2090,4446,6536
Winter,1,November,0,Monday,0,Clear/Partly Cloudy,11.779150999999999,11.833058000000001,65.91669999999999,7.905,2290,4562,6852
Winter,1,November,1,Tuesday,0,Clear/Partly Cloudy,14.794999999999998,15.375278000000002,74.16669999999999,10.758054,1097,5172,6269
Winter,1,November,0,Wednesday,1,Misty/Cloudy,8.136651,5.3328500000000005,66.29169999999999,21.206852,327,3767,4094
Winter,1,November,0,Thursday,1,Clear/Partly Cloudy,5.590849,2.583158000000001,55.2083,12.37675,373,5122,5495
Winter,1,November,0,Friday,1,Misty/Cloudy,7.1183489999999985,5.416471999999999,62.0417,9.485194,320,5125,5445
Winter,1,November,0,Saturday,1,Clear/Partly Cloudy,8.215,6.915464,52.4583,10.60355,484,5214,5698
Winter,1,November,0,Sunday,0,Clear/Partly Cloudy,7.275,5.541277999999998,54.541700000000006,11.143198,1313,4316,5629
Winter,1,November,0,Monday,0,Clear/Partly Cloudy,8.0975,6.291235999999998,69.2917,14.111944000000001,922,3747,4669
Winter,1,November,0,Tuesday,1,Misty/Cloudy,9.899151,8.790986,62.3333,14.574154,449,5050,5499
Winter,1,November,0,Wednesday,1,Misty/Cloudy,9.585849,9.124022,68.5,5.128950000000001,534,5100,5634
Winter,1,November,0,Thursday,1,Clear/Partly Cloudy,8.606651,8.082871999999998,61.375,6.401252,615,4531,5146
Winter,1,November,1,Friday,0,Clear/Partly Cloudy,7.98,7.124485999999997,58.0417,3.2779896,955,1470,2425
Winter,1,November,0,Saturday,1,Clear/Partly Cloudy,9.311651000000001,8.999413999999998,56.875,9.177302000000001,1603,2307,3910
Winter,1,November,0,Sunday,0,Clear/Partly Cloudy,5.081650999999999,0.4169719999999977,40.4583,23.366002,532,1745,2277
Winter,1,November,0,Monday,0,Clear/Partly Cloudy,3.554150999999999,1.000478000000001,46.8333,9.331,309,2115,2424
Winter,1,November,0,Tuesday,1,Clear/Partly Cloudy,6.726650999999999,6.374264,53.541700000000006,2.8922999999999996,337,4750,5087
Winter,1,November,0,Wednesday,1,Misty/Cloudy,5.708349,2.5828279999999992,78.6667,14.728844,123,3836,3959
Winter,1,November,0,Thursday,1,Clear/Partly Cloudy,5.943349000000001,3.1242920000000005,50.625,13.070902,198,5062,5260
Winter,1,November,0,Friday,1,Clear/Partly Cloudy,5.200890000000001,3.695852000000002,55.565200000000004,7.162364,243,5080,5323
Winter,1,November,0,Saturday,1,Clear/Partly Cloudy,6.021651,5.375222000000001,64.95830000000001,3.6251896,362,5306,5668
Winter,1,December,0,Sunday,0,Misty/Cloudy,6.021651,4.915664,80.6667,3.7016603999999997,951,4240,5191
Winter,1,December,0,Monday,0,Misty/Cloudy,8.3325,7.707728000000003,82.3333,7.711498000000001,892,3757,4649
Winter,1,December,0,Tuesday,1,Clear/Partly Cloudy,13.267500000000002,14.082535999999998,76.75,5.1286895999999995,555,5679,6234
Winter,1,December,0,Wednesday,1,Clear/Partly Cloudy,14.364151,14.957564000000001,73.375,10.795998,551,6055,6606
Winter,1,December,0,Thursday,1,Clear/Partly Cloudy,12.601651,12.248792000000002,48.5,20.089302,331,5398,5729
Winter,1,December,0,Friday,1,Clear/Partly Cloudy,4.024151,1.0414639999999977,50.875,10.834748,340,5035,5375
Winter,1,December,0,Saturday,1,Misty/Cloudy,7.0791509999999995,5.249228000000002,76.4167,8.097199999999999,349,4659,5008
Winter,1,December,0,Sunday,0,Misty/Cloudy,9.938348999999999,9.707528,91.125,6.285498,1153,4429,5582
Winter,1,December,0,Monday,0,Misty/Cloudy,10.055848999999998,9.749635999999999,90.5417,9.79445,441,2787,3228
Winter,1,December,0,Tuesday,1,Misty/Cloudy,12.484151,12.74795,92.5,11.799096,329,4841,5170
Winter,1,December,0,Wednesday,1,Misty/Cloudy,8.606651,6.331958,59.66669999999999,18.354294,282,5219,5501
Winter,1,December,0,Thursday,1,Misty/Cloudy,5.9825,3.624307999999999,53.833299999999994,10.102094,310,5009,5319
Winter,1,December,0,Friday,1,Clear/Partly Cloudy,5.904151000000001,3.4164080000000006,48.5833,10.795998,425,5107,5532
Winter,1,December,0,Saturday,1,Clear/Partly Cloudy,5.2383489999999995,3.416672000000002,64.29169999999999,8.136198,429,5182,5611
Winter,1,December,0,Sunday,0,Clear/Partly Cloudy,7.235849,6.333278,65.0417,6.5937,767,4280,5047
Winter,1,December,0,Monday,0,Misty/Cloudy,9.037499999999998,8.415907999999998,83.875,6.246004,538,3248,3786
Winter,1,December,0,Tuesday,1,Misty/Cloudy,10.486650999999998,10.499000000000002,90.7083,6.092014600000001,212,4373,4585
Winter,1,December,0,Wednesday,1,Clear/Partly Cloudy,11.309151,11.040728000000001,66.625,13.727048,433,5124,5557
Winter,1,December,0,Thursday,1,Clear/Partly Cloudy,7.627500000000001,6.5826920000000015,62.5417,11.413704000000001,333,4934,5267
Winter,1,December,0,Friday,1,Misty/Cloudy,7.510000000000002,6.124321999999999,66.79169999999999,8.212706,314,3814,4128
Spring,1,December,0,Saturday,1,Misty/Cloudy,7.353349,3.9166220000000003,55.666700000000006,23.211746,221,3402,3623
Spring,1,December,0,Sunday,0,Clear/Partly Cloudy,4.494150999999999,-0.4165420000000015,44.125,25.255452,205,1544,1749
Spring,1,December,0,Monday,0,Clear/Partly Cloudy,3.554150999999999,1.1250859999999996,51.5417,8.251146,408,1379,1787
Spring,1,December,0,Tuesday,1,Misty/Cloudy,2.871288,1.0874000000000024,79.1304,4.7882848000000005,174,746,920
Spring,1,December,1,Wednesday,0,Misty/Cloudy,5.691288,3.43469,73.47829999999999,10.461011999999998,440,573,1013
Spring,1,December,0,Thursday,1,Light Snow/Rain,3.4366509999999995,-1.4580219999999997,82.3333,19.625852,9,432,441
Spring,1,December,0,Friday,1,Misty/Cloudy,3.945848999999999,-1.0416279999999993,65.29169999999999,21.708246000000003,247,1867,2114
Spring,1,December,0,Saturday,1,Misty/Cloudy,3.9066509999999983,0.8330359999999999,59.0,9.639202,644,2451,3095
Spring,1,December,0,Sunday,0,Misty/Cloudy,3.9066509999999983,-0.0015999999999998238,75.29169999999999,7.711746,159,1182,1341
Spring,1,December,0,Monday,0,Clear/Partly Cloudy,4.024151,-0.7078000000000007,48.3333,21.746748,364,1432,1796
Spring,1,December,0,Tuesday,1,Misty/Cloudy,2.144150999999999,-1.2498579999999997,57.75,9.600452,439,2290,2729
